xq2_bin,z_bin,pt2_bin,phi_content_sum,phi_bin_count,phi_error_sum,z_bin0,pt2_bin0
0,1,1,91386.92,8,991.583520464111,0,0
0,1,2,102594.57400000001,8,604.9400487106553,0,1
0,1,3,101697.98999999999,8,467.5683861483366,0,2
0,1,4,72816.29,8,334.3475237942252,0,3
0,1,5,65380.91,8,312.3790999081885,0,4
0,1,6,8889.062,8,103.00890230028665,0,5
0,1,7,0.0,8,0.0,0,6
0,1,8,0.0,8,0.0,0,7
0,1,9,0.0,8,0.0,0,8
0,1,10,0.0,8,0.0,0,9
0,1,11,0.0,8,0.0,0,10
0,2,1,91159.49,8,755.1983672274457,1,0
0,2,2,166743.733,8,660.2823821574902,1,1
0,2,3,181657.31999999998,8,599.1022488493095,1,2
0,2,4,163682.35,8,493.82497362672945,1,3
0,2,5,248030.35,8,598.7091992676912,1,4
0,2,6,149391.44,8,434.98414558583625,1,5
0,2,7,75501.62,8,298.67884809925863,1,6
0,2,8,40931.98,8,214.4936340869351,1,7
0,2,9,8709.925,8,97.53037338721717,1,8
0,2,10,577.1021000000001,8,25.017818968225427,1,9
0,2,11,0.0,8,0.0,1,10
0,3,1,47342.7684,8,350.96446317247404,2,0
0,3,2,73780.8248,8,376.9710109307324,2,1
0,3,3,85508.01999999999,8,370.4203500289502,2,2
0,3,4,86673.645,8,339.33440370568087,2,3
0,3,5,151578.3,8,448.6689819964937,2,4
0,3,6,112435.75,8,369.67600805905704,2,5
0,3,7,78289.09,8,302.44314291354004,2,6
0,3,8,71630.13,8,284.5825539399772,2,7
0,3,9,37420.93,8,202.55776319331727,2,8
0,3,10,20760.073,8,149.77239034491637,2,9
0,3,11,7375.329,8,88.3038041495382,2,10
0,4,1,22155.374,8,198.40159242183515,3,0
0,4,2,35023.53,8,255.67338298935226,3,1
0,4,3,40849.935,8,234.13229444937747,3,2
0,4,4,41083.672399999996,8,223.91826626014432,3,3
0,4,5,79911.8579,8,336.7170311041899,3,4
0,4,6,64122.469,8,272.2319114537456,3,5
0,4,7,47459.748999999996,8,232.10968538794324,3,6
0,4,8,47140.659999999996,8,229.8998916628714,3,7
0,4,9,27586.211,8,173.2347535900346,3,8
0,4,10,18919.032,8,142.45013814640546,3,9
0,4,11,14298.654,8,122.97608034439055,3,10
0,5,1,13281.8262,8,135.65903952296765,4,0
0,5,2,19282.217,8,161.0210940855455,4,1
0,5,3,20933.9751,8,157.61144378692842,4,2
0,5,4,21119.975,8,157.56383841214964,4,3
0,5,5,41058.8,8,216.28405963764413,4,4
0,5,6,35378.979999999996,8,197.65029718616665,4,5
0,5,7,27555.6716,8,173.90947380592036,4,6
0,5,8,29101.3435,8,177.82813966786162,4,7
0,5,9,17680.414,8,136.6485978770364,4,8
0,5,10,12908.121000000001,8,117.0835550890047,4,9
0,5,11,10292.655,8,104.34973407555958,4,10
0,6,1,7953.0527999999995,8,100.34068814233636,5,0
0,6,2,10548.6398,8,113.08684798348568,5,1
0,6,3,10861.710000000001,8,111.3463245596818,5,2
0,6,4,10698.375,8,108.1716610316214,5,3
0,6,5,20462.622,8,152.3312999723957,5,4
0,6,6,17542.551,8,137.500526017612,5,5
0,6,7,14419.48,8,124.03375241376841,5,6
0,6,8,15888.08,8,129.54603138811316,5,7
0,6,9,9894.3433,8,102.1199964670015,5,8
0,6,10,7488.1293,8,88.68222987804322,5,9
0,6,11,5917.782999999999,8,78.76949101333587,5,10
0,7,1,3861.4071,8,68.76448709382846,6,0
0,7,2,4926.2549,8,77.93855519362481,6,1
0,7,3,4719.5372,8,72.18158998437275,6,2
0,7,4,4505.6491,8,70.58161019625508,6,3
0,7,5,8370.875,8,96.8391819165156,6,4
0,7,6,7271.241,8,88.4959289044417,6,5
0,7,7,6240.896000000001,8,82.74350030763746,6,6
0,7,8,6917.662,8,85.85034121819203,6,7
0,7,9,4188.545,8,66.59104684580352,6,8
0,7,10,2784.656,8,54.12165256650983,6,9
0,7,11,1211.1478,8,35.80660735048212,6,10
0,8,1,1087.3052,8,35.52800917508888,7,0
0,8,2,1315.096,8,38.6283087622601,7,1
0,8,3,1291.837,8,37.4492459371347,7,2
0,8,4,1067.974,8,33.83177574269048,7,3
0,8,5,1766.1247,8,43.884723487023365,7,4
0,8,6,1246.6606,8,36.846071288213345,7,5
0,8,7,670.851,8,27.090612761338566,7,6
0,8,8,433.9355,8,21.85898879734376,7,7
0,8,9,23.865,8,5.14335,7,8
0,8,10,0.0,8,0.0,7,9
0,8,11,0.0,8,0.0,7,10
1,1,1,49806.657999999996,8,602.0953612247814,0,0
1,1,2,52410.564,8,413.3330454185825,0,1
1,1,3,41433.355,8,272.19084566153214,0,2
1,1,4,25653.57,8,190.32382573584948,0,3
1,1,5,17969.314,8,152.5392718489242,0,4
1,1,6,646.99092,8,27.680961277545983,0,5
1,1,7,0.0,8,0.0,0,6
1,1,8,0.0,8,0.0,0,7
1,1,9,0.0,8,0.0,0,8
1,1,10,0.0,8,0.0,0,9
1,1,11,0.0,8,0.0,0,10
1,2,1,129194.23528000001,8,794.3976248554878,1,0
1,2,2,153177.08,8,623.5825063147298,1,1
1,2,3,154370.46,8,514.5604667595053,1,2
1,2,4,126093.64,8,438.1567144045267,1,3
1,2,5,164238.98,8,477.7923940808288,1,4
1,2,6,80010.40000000001,8,311.6494989315882,1,5
1,2,7,32453.98,8,191.54661134990096,1,6
1,2,8,13286.884,8,121.06683115626674,1,7
1,2,9,1167.9178,8,35.65531048563454,1,8
1,2,10,0.0,8,0.0,1,9
1,2,11,0.0,8,0.0,1,10
1,3,1,91728.17,8,472.0451137341642,2,0
1,3,2,94315.1502,8,414.5959263965458,2,1
1,3,3,96346.195,8,377.344523431108,2,2
1,3,4,91636.99,8,344.38023212966215,2,3
1,3,5,149875.19999999998,8,454.9635107537416,2,4
1,3,6,98049.08,8,339.59862712658304,2,5
1,3,7,60861.06,8,261.9232593535175,2,6
1,3,8,50351.39,8,235.9283194012749,2,7
1,3,9,21326.84,8,151.081330444036,2,8
1,3,10,9097.208,8,98.22938868750025,2,9
1,3,11,1891.6692,8,44.810867990871365,2,10
1,4,1,54716.301,8,314.3822093547757,3,0
1,4,2,55548.665,8,314.69610751575874,3,1
1,4,3,53964.823599999996,8,261.0833553209204,3,2
1,4,4,50935.182199999996,8,248.47504043056395,3,3
1,4,5,92897.781,8,332.87944308102,3,4
1,4,6,68824.729,8,279.54054386855944,3,5
1,4,7,47915.971,8,229.61882544924316,3,6
1,4,8,43852.406,8,219.3537675621278,3,7
1,4,9,23118.02,8,157.00228915955333,3,8
1,4,10,14813.229,8,124.88858910340849,3,9
1,4,11,8488.753,8,94.16709560924134,3,10
1,5,1,39296.04,8,237.78150305334938,4,0
1,5,2,34384.5417,8,208.11042522644752,4,1
1,5,3,31191.8727,8,194.08293397913067,4,2
1,5,4,29034.46,8,181.10506741046757,4,3
1,5,5,54234.7374,8,246.26902916716912,4,4
1,5,6,43268.1731,8,217.22726738991884,4,5
1,5,7,32075.079999999998,8,188.14288009515533,4,6
1,5,8,31217.9399,8,183.68325222531857,4,7
1,5,9,17498.568,8,136.41090645842803,4,8
1,5,10,11757.965,8,111.29403165129746,4,9
1,5,11,7675.433,8,89.65735918646054,4,10
1,6,1,25327.694,8,179.27812770882008,5,0
1,6,2,20650.118,8,155.18621513630004,5,1
1,6,3,17725.5947,8,141.53231072142538,5,2
1,6,4,15507.11123,8,129.821067787576,5,3
1,6,5,27602.43,8,175.95256436559828,5,4
1,6,6,22881.63,8,156.3497052496742,5,5
1,6,7,17750.742,8,137.36729564335903,5,6
1,6,8,18319.5,8,139.21181682874482,5,7
1,6,9,10470.619,8,104.6616398894552,5,8
1,6,10,6733.3609,8,84.05119960851243,5,9
1,6,11,3359.8808,8,59.591883975226025,5,10
1,7,1,13156.357,8,123.53094049273646,6,0
1,7,2,9889.644100000001,8,105.25490318532862,6,1
1,7,3,8017.5108,8,92.92769778185513,6,2
1,7,4,6799.8315999999995,8,84.84854168446267,6,3
1,7,5,11398.556,8,111.33399407467604,6,4
1,7,6,9137.453000000001,8,98.26150808521106,6,5
1,7,7,6764.906999999999,8,85.19044965076779,6,6
1,7,8,6227.461,8,80.34557559841114,6,7
1,7,9,2692.782,8,53.21252907624294,6,8
1,7,10,1061.4303,8,33.679495278921564,6,9
1,7,11,92.1442,8,10.333774139591982,6,10
1,8,1,2587.6612,8,54.425996227240525,7,0
1,8,2,1904.0872,8,45.48070614111549,7,1
1,8,3,1239.1286,8,36.80538158819305,7,2
1,8,4,851.2339999999999,8,30.181325553560434,7,3
1,8,5,1017.3964,8,32.90350673428138,7,4
1,8,6,370.2343,8,20.070354917761172,7,5
1,8,7,57.123830000000005,8,8.396027253409795,7,6
1,8,8,0.0,8,0.0,7,7
1,8,9,0.0,8,0.0,7,8
1,8,10,0.0,8,0.0,7,9
1,8,11,0.0,8,0.0,7,10
2,1,1,12029.667,8,278.39279893181504,0,0
2,1,2,10494.88,8,169.9678919281227,0,1
2,1,3,6692.3478,8,101.83230493158838,0,2
2,1,4,3391.5913,8,66.00836001378916,0,3
2,1,5,1374.546,8,40.386111171911566,0,4
2,1,6,0.0,8,0.0,0,5
2,1,7,0.0,8,0.0,0,6
2,1,8,0.0,8,0.0,0,7
2,1,9,0.0,8,0.0,0,8
2,1,10,0.0,8,0.0,0,9
2,1,11,0.0,8,0.0,0,10
2,2,1,116586.32,8,705.5379705865872,1,0
2,2,2,98901.985,8,491.1364196001148,1,1
2,2,3,89495.02,8,383.67987856266325,1,2
2,2,4,64251.31,8,293.7449041799364,1,3
2,2,5,69193.06,8,302.4474116657307,1,4
2,2,6,25679.367,8,171.60437883230136,1,5
2,2,7,7562.302,8,91.33260938004015,1,6
2,2,8,1328.6868,8,37.66601922004634,1,7
2,2,9,0.0,8,0.0,1,8
2,2,10,0.0,8,0.0,1,9
2,2,11,0.0,8,0.0,1,10
2,3,1,106119.23,8,538.9904849164686,2,0
2,3,2,90894.966,8,412.08293199045505,2,1
2,3,3,81779.203,8,340.10422477064293,2,2
2,3,4,75308.08,8,306.1692182677089,2,3
2,3,5,112109.87,8,375.8206620241362,2,4
2,3,6,61486.82,8,267.3068309659519,2,5
2,3,7,32749.21,8,189.33854674793508,2,6
2,3,8,22579.632,8,155.64270687581222,2,7
2,3,9,7045.7959,8,86.18367341669419,2,8
2,3,10,1777.282,8,42.97696308523905,2,9
2,3,11,14.9516,8,4.42657,2,10
2,4,1,80665.63,8,385.21376350253894,3,0
2,4,2,64809.0,8,298.2632924660358,3,1
2,4,3,54500.683000000005,8,260.41193287174843,3,2
2,4,4,49428.318999999996,8,240.55444798365298,3,3
2,4,5,88067.094,8,322.2559175607176,3,4
2,4,6,60684.195999999996,8,259.95682850483075,3,5
2,4,7,37334.814,8,201.61482876447855,3,6
2,4,8,29754.156,8,178.7934417924494,3,7
2,4,9,13124.866,8,117.52108332218522,3,8
2,4,10,6862.361,8,84.98557858478107,3,9
2,4,11,2341.3989,8,49.53625173042466,3,10
2,5,1,63708.87,8,298.28958410457443,4,0
2,5,2,42179.112,8,230.0597538270438,4,1
2,5,3,33692.838,8,196.29532132114102,4,2
2,5,4,29506.4499,8,181.60879403550757,4,3
2,5,5,53595.117999999995,8,245.93022601394486,4,4
2,5,6,41730.289,8,210.98991328663084,4,5
2,5,7,28832.1349,8,175.52701379919532,4,6
2,5,8,25311.623199999998,8,164.18994272740946,4,7
2,5,9,12011.111,8,112.29872882187937,4,8
2,5,10,6465.409,8,82.30135183926203,4,9
2,5,11,2102.8289999999997,8,47.16985253697535,4,10
2,6,1,43797.049999999996,8,229.24253934889572,5,0
2,6,2,25914.273899999997,8,171.75668978750872,5,1
2,6,3,19377.187899999997,8,144.96016916962947,5,2
2,6,4,15792.3345,8,129.56604012560697,5,3
2,6,5,26863.0343,8,169.8696074106301,5,4
2,6,6,21348.4512,8,150.07369841695947,5,5
2,6,7,15702.80446,8,128.9549486706338,5,6
2,6,8,14433.5071,8,123.0552090610552,5,7
2,6,9,6306.53,8,82.67786757125512,5,8
2,6,10,2448.8231,8,50.64105066634775,5,9
2,6,11,298.92391000000003,8,18.273702242621773,5,10
2,7,1,21217.398,8,155.40574835433213,6,0
2,7,2,12237.490600000001,8,116.177729142698,6,1
2,7,3,8143.906999999999,8,94.04609960312017,6,2
2,7,4,6038.0584,8,80.14847402374795,6,3
2,7,5,9232.171,8,99.0460593379666,6,4
2,7,6,5859.299,8,78.33216458639453,6,5
2,7,7,3329.3959999999997,8,59.22390197985945,6,6
2,7,8,1878.697,8,44.348067504458406,6,7
2,7,9,326.9737,8,19.07431689213273,6,8
2,7,10,0.0,8,0.0,6,9
2,7,11,0.0,8,0.0,6,10
2,8,1,1579.3038,8,41.39030314817349,7,0
2,8,2,680.329,8,27.460202510453197,7,1
2,8,3,304.4721,8,18.416956439175827,7,2
2,8,4,149.7962,8,12.91761980433315,7,3
2,8,5,52.8845,8,7.640755600102649,7,4
2,8,6,0.0,8,0.0,7,5
2,8,7,0.0,8,0.0,7,6
2,8,8,0.0,8,0.0,7,7
2,8,9,0.0,8,0.0,7,8
2,8,10,0.0,8,0.0,7,9
2,8,11,0.0,8,0.0,7,10
3,1,1,1226.1887,8,73.20518651489729,0,0
3,1,2,547.3506,8,30.85858465458842,0,1
3,1,3,249.0264,8,17.96917934662571,0,2
3,1,4,136.7878,8,14.12543448286105,0,3
3,1,5,0.0,8,0.0,0,4
3,1,6,0.0,8,0.0,0,5
3,1,7,0.0,8,0.0,0,6
3,1,8,0.0,8,0.0,0,7
3,1,9,0.0,8,0.0,0,8
3,1,10,0.0,8,0.0,0,9
3,1,11,0.0,8,0.0,0,10
3,2,1,93656.29,8,658.1876307611683,1,0
3,2,2,60339.042,8,386.5140556552245,1,1
3,2,3,47098.4,8,264.8694719358575,1,2
3,2,4,31560.93,8,202.18722627052878,1,3
3,2,5,29526.851,8,191.79204109938973,1,4
3,2,6,8334.617999999999,8,96.26350640195899,1,5
3,2,7,1395.5881000000002,8,38.96220731784841,1,6
3,2,8,0.0,8,0.0,1,7
3,2,9,0.0,8,0.0,1,8
3,2,10,0.0,8,0.0,1,9
3,2,11,0.0,8,0.0,1,10
3,3,1,135405.9,8,649.2855135100428,2,0
3,3,2,101356.09,8,430.491203249869,2,1
3,3,3,77561.228,8,328.5062870169763,2,2
3,3,4,65988.62,8,291.25252656680937,2,3
3,3,5,86343.9,8,322.96903360522043,2,4
3,3,6,39980.39,8,211.50917549191573,2,5
3,3,7,18939.931,8,143.13111820096984,2,6
3,3,8,10302.347,8,104.34958766593186,2,7
3,3,9,1993.4393,8,45.98090061791417,2,8
3,3,10,95.94810000000001,8,10.278340611017908,2,9
3,3,11,0.0,8,0.0,2,10
3,4,1,124176.84,8,478.00428222245034,3,0
3,4,2,88444.54,8,346.88596492817345,3,1
3,4,3,66910.066,8,291.64845261339894,3,2
3,4,4,56627.515,8,259.1670214688204,3,3
3,4,5,90171.56,8,324.0100275558767,3,4
3,4,6,54583.3,8,244.1565328800153,3,5
3,4,7,29177.674,8,177.20241013722134,3,6
3,4,8,19650.906,8,144.35757257355777,3,7
3,4,9,6792.9386,8,84.65742251160852,3,8
3,4,10,2280.522,8,49.124977596025424,3,9
3,4,11,128.85309999999998,8,12.41939459174641,3,10
3,5,1,104832.56,8,378.6694886195216,4,0
3,5,2,59745.17,8,270.649777317588,4,1
3,5,3,44968.555,8,226.9282873476112,4,2
3,5,4,36913.698000000004,8,202.03128375813483,4,3
3,5,5,60957.164000000004,8,259.27997857316325,4,4
3,5,6,43581.450000000004,8,218.3759538310251,4,5
3,5,7,26395.717999999997,8,166.96115482542638,4,6
3,5,8,18851.192,8,141.20320181160906,4,7
3,5,9,6103.468,8,80.0597302291233,4,8
3,5,10,1526.799,8,40.383912461387396,4,9
3,5,11,8.85611,8,3.22134,4,10
3,6,1,68895.26000000001,8,285.6559341337582,5,0
3,6,2,36363.271,8,201.23750467340824,5,1
3,6,3,24403.519,8,162.92605508159215,5,2
3,6,4,18811.083,8,141.37664503647693,5,3
3,6,5,28950.384000000002,8,177.05452685130646,5,4
3,6,6,20545.3468,8,148.70909813966495,5,5
3,6,7,12359.2178,8,113.70449749862316,5,6
3,6,8,7199.38147,8,86.76871300083747,5,7
3,6,9,1394.886,8,38.54326470059328,5,8
3,6,10,18.164,8,4.86606,5,9
3,6,11,0.0,8,0.0,5,10
3,7,1,27053.9,8,173.67312980182052,6,0
3,7,2,12948.2203,8,119.13471114621002,6,1
3,7,3,7126.980600000001,8,86.92132279233272,6,2
3,7,4,4267.0151,8,67.11340198224569,6,3
3,7,5,4818.116,8,71.12315008820967,6,4
3,7,6,1833.1318999999999,8,44.00805661782397,6,5
3,7,7,431.05865,8,21.573636977637776,6,6
3,7,8,15.1742,8,4.09242,6,7
3,7,9,0.0,8,0.0,6,8
3,7,10,0.0,8,0.0,6,9
3,7,11,0.0,8,0.0,6,10
3,8,1,94.9966,8,10.210689359661275,7,0
3,8,2,0.0,8,0.0,7,1
3,8,3,0.0,8,0.0,7,2
3,8,4,0.0,8,0.0,7,3
3,8,5,0.0,8,0.0,7,4
3,8,6,0.0,8,0.0,7,5
3,8,7,0.0,8,0.0,7,6
3,8,8,0.0,8,0.0,7,7
3,8,9,0.0,8,0.0,7,8
3,8,10,0.0,8,0.0,7,9
3,8,11,0.0,8,0.0,7,10
4,1,1,0.0,8,0.0,0,0
4,1,2,0.0,8,0.0,0,1
4,1,3,0.0,8,0.0,0,2
4,1,4,0.0,8,0.0,0,3
4,1,5,0.0,8,0.0,0,4
4,1,6,0.0,8,0.0,0,5
4,1,7,0.0,8,0.0,0,6
4,1,8,0.0,8,0.0,0,7
4,1,9,0.0,8,0.0,0,8
4,1,10,0.0,8,0.0,0,9
4,1,11,0.0,8,0.0,0,10
4,2,1,38894.14,8,429.35518642378133,1,0
4,2,2,17908.022,8,194.07460553918435,1,1
4,2,3,12606.641,8,128.6657594685548,1,2
4,2,4,8393.64714,8,100.89794620117101,1,3
4,2,5,7314.87,8,91.99717956894114,1,4
4,2,6,1080.582,8,34.33980244352026,1,5
4,2,7,0.0,8,0.0,1,6
4,2,8,0.0,8,0.0,1,7
4,2,9,0.0,8,0.0,1,8
4,2,10,0.0,8,0.0,1,9
4,2,11,0.0,8,0.0,1,10
4,3,1,136304.44,8,660.4361146606082,2,0
4,3,2,80270.95,8,378.8730937675305,2,1
4,3,3,46476.827000000005,8,258.5657680478025,2,2
4,3,4,38084.41,8,211.01440385232,2,3
4,3,5,47020.732,8,238.16313385224004,2,4
4,3,6,17981.705,8,140.39020899817052,2,5
4,3,7,5983.062,8,79.76381149280668,2,6
4,3,8,1898.546,8,44.99850639243485,2,7
4,3,9,21.9684,8,5.25596,2,8
4,3,10,0.0,8,0.0,2,9
4,3,11,0.0,8,0.0,2,10
4,4,1,160751.4,8,554.3314019366032,3,0
4,4,2,98611.08,8,370.25303459884026,3,1
4,4,3,60454.9,8,271.279260861423,3,2
4,4,4,41946.828,8,219.1111441820338,3,3
4,4,5,61131.63,8,261.1801415049965,3,4
4,4,6,32228.488,8,186.7982466922803,3,5
4,4,7,13349.483,8,119.0682776111106,3,6
4,4,8,5898.379,8,78.73076128947312,3,7
4,4,9,805.0073,8,29.319030604678936,3,8
4,4,10,0.0,8,0.0,3,9
4,4,11,0.0,8,0.0,3,10
4,5,1,142221.88,8,450.0331665244241,4,0
4,5,2,71438.17,8,294.5545646801964,4,1
4,5,3,47142.5,8,231.8893776229088,4,2
4,5,4,31949.76,8,187.05844061546648,4,3
4,5,5,43773.119,8,218.67938150584752,4,4
4,5,6,24380.661,8,161.03913928654114,4,5
4,5,7,10160.182999999999,8,103.58634496954703,4,6
4,5,8,3700.6668999999997,8,62.32025352769756,4,7
4,5,9,241.2424,8,16.142639975880652,4,8
4,5,10,0.0,8,0.0,4,9
4,5,11,0.0,8,0.0,4,10
4,6,1,82739.22,8,314.4808911345966,5,0
4,6,2,38165.507,8,208.56641055258635,5,1
4,6,3,21665.957000000002,8,154.76078699564047,5,2
4,6,4,13440.932,8,120.27780226775015,5,3
4,6,5,14939.681999999999,8,126.53330839759151,5,4
4,6,6,6039.3108,8,79.87530998105734,5,5
4,6,7,1676.47,8,42.338246346182075,5,6
4,6,8,282.9837,8,17.584259282506046,5,7
4,6,9,0.0,8,0.0,5,8
4,6,10,0.0,8,0.0,5,9
4,6,11,0.0,8,0.0,5,10
4,7,1,12136.707,8,115.44578045840393,6,0
4,7,2,4009.1693999999998,8,65.43314155252291,6,1
4,7,3,1349.7926,8,38.054938023255275,6,2
4,7,4,440.6974,8,21.959698299612405,6,3
4,7,5,232.4152,8,16.173206312521955,6,4
4,7,6,0.0,8,0.0,6,5
4,7,7,0.0,8,0.0,6,6
4,7,8,0.0,8,0.0,6,7
4,7,9,0.0,8,0.0,6,8
4,7,10,0.0,8,0.0,6,9
4,7,11,0.0,8,0.0,6,10
4,8,1,0.0,8,0.0,7,0
4,8,2,0.0,8,0.0,7,1
4,8,3,0.0,8,0.0,7,2
4,8,4,0.0,8,0.0,7,3
4,8,5,0.0,8,0.0,7,4
4,8,6,0.0,8,0.0,7,5
4,8,7,0.0,8,0.0,7,6
4,8,8,0.0,8,0.0,7,7
4,8,9,0.0,8,0.0,7,8
4,8,10,0.0,8,0.0,7,9
4,8,11,0.0,8,0.0,7,10
5,1,1,0.0,8,0.0,0,0
5,1,2,0.0,8,0.0,0,1
5,1,3,0.0,8,0.0,0,2
5,1,4,0.0,8,0.0,0,3
5,1,5,0.0,8,0.0,0,4
5,1,6,0.0,8,0.0,0,5
5,1,7,0.0,8,0.0,0,6
5,1,8,0.0,8,0.0,0,7
5,1,9,0.0,8,0.0,0,8
5,1,10,0.0,8,0.0,0,9
5,1,11,0.0,8,0.0,0,10
5,2,1,2598.737,8,96.88295436793823,1,0
5,2,2,729.4806,8,32.21449234234338,1,1
5,2,3,461.5823,8,23.513331033668965,1,2
5,2,4,378.7733,8,20.93476186480515,1,3
5,2,5,190.0,8,15.081044133434528,1,4
5,2,6,0.0,8,0.0,1,5
5,2,7,0.0,8,0.0,1,6
5,2,8,0.0,8,0.0,1,7
5,2,9,0.0,8,0.0,1,8
5,2,10,0.0,8,0.0,1,9
5,2,11,0.0,8,0.0,1,10
5,3,1,41079.95,8,345.4810090343751,2,0
5,3,2,18490.833,8,169.50251007005767,2,1
5,3,3,8612.6466,8,103.16407991897374,2,2
5,3,4,6990.606,8,87.80577258466552,2,3
5,3,5,7756.6478,8,92.19302710442098,2,4
5,3,6,1770.642,8,43.46442316297318,2,5
5,3,7,105.0284,8,10.906266969724333,2,6
5,3,8,0.0,8,0.0,2,7
5,3,9,0.0,8,0.0,2,8
5,3,10,0.0,8,0.0,2,9
5,3,11,0.0,8,0.0,2,10
5,4,1,64783.5,8,355.78759051665924,3,0
5,4,2,29119.329999999998,8,195.8974699417019,3,1
5,4,3,14062.389,8,129.48850978700773,3,2
5,4,4,9134.6188,8,100.34690399564751,3,3
5,4,5,12470.085,8,116.16276569585455,3,4
5,4,6,3917.9300000000003,8,64.71138984838758,3,5
5,4,7,398.06189,8,20.842826435618083,3,6
5,4,8,0.0,8,0.0,3,7
5,4,9,0.0,8,0.0,3,8
5,4,10,0.0,8,0.0,3,9
5,4,11,0.0,8,0.0,3,10
5,5,1,58367.340000000004,8,304.94235665103986,4,0
5,5,2,23403.26,8,169.94257440067807,4,1
5,5,3,11062.298999999999,8,110.8170106060437,4,2
5,5,4,5380.219,8,76.7739241001787,4,3
5,5,5,4536.839,8,69.73466437561738,4,4
5,5,6,852.8205,8,29.863057446885772,4,5
5,5,7,0.0,8,0.0,4,6
5,5,8,0.0,8,0.0,4,7
5,5,9,0.0,8,0.0,4,8
5,5,10,0.0,8,0.0,4,9
5,5,11,0.0,8,0.0,4,10
5,6,1,20128.19,8,159.25747480212664,5,0
5,6,2,6172.547,8,83.598146576225,5,1
5,6,3,1786.2671,8,44.08661789449152,5,2
5,6,4,445.18059999999997,8,22.573597990424567,5,3
5,6,5,46.3412,8,8.703707638529686,5,4
5,6,6,0.0,8,0.0,5,5
5,6,7,0.0,8,0.0,5,6
5,6,8,0.0,8,0.0,5,7
5,6,9,0.0,8,0.0,5,8
5,6,10,0.0,8,0.0,5,9
5,6,11,0.0,8,0.0,5,10
5,7,1,0.0,8,0.0,6,0
5,7,2,0.0,8,0.0,6,1
5,7,3,0.0,8,0.0,6,2
5,7,4,0.0,8,0.0,6,3
5,7,5,0.0,8,0.0,6,4
5,7,6,0.0,8,0.0,6,5
5,7,7,0.0,8,0.0,6,6
5,7,8,0.0,8,0.0,6,7
5,7,9,0.0,8,0.0,6,8
5,7,10,0.0,8,0.0,6,9
5,7,11,0.0,8,0.0,6,10
5,8,1,0.0,8,0.0,7,0
5,8,2,0.0,8,0.0,7,1
5,8,3,0.0,8,0.0,7,2
5,8,4,0.0,8,0.0,7,3
5,8,5,0.0,8,0.0,7,4
5,8,6,0.0,8,0.0,7,5
5,8,7,0.0,8,0.0,7,6
5,8,8,0.0,8,0.0,7,7
5,8,9,0.0,8,0.0,7,8
5,8,10,0.0,8,0.0,7,9
5,8,11,0.0,8,0.0,7,10
6,1,1,0.0,8,0.0,0,0
6,1,2,0.0,8,0.0,0,1
6,1,3,0.0,8,0.0,0,2
6,1,4,0.0,8,0.0,0,3
6,1,5,0.0,8,0.0,0,4
6,1,6,0.0,8,0.0,0,5
6,1,7,0.0,8,0.0,0,6
6,1,8,0.0,8,0.0,0,7
6,1,9,0.0,8,0.0,0,8
6,1,10,0.0,8,0.0,0,9
6,1,11,0.0,8,0.0,0,10
6,2,1,0.0,8,0.0,1,0
6,2,2,0.0,8,0.0,1,1
6,2,3,0.0,8,0.0,1,2
6,2,4,0.0,8,0.0,1,3
6,2,5,0.0,8,0.0,1,4
6,2,6,0.0,8,0.0,1,5
6,2,7,0.0,8,0.0,1,6
6,2,8,0.0,8,0.0,1,7
6,2,9,0.0,8,0.0,1,8
6,2,10,0.0,8,0.0,1,9
6,2,11,0.0,8,0.0,1,10
6,3,1,7643.059,8,129.20199116925406,2,0
6,3,2,3525.401,8,72.08963343061193,2,1
6,3,3,1224.5319,8,38.22935743541081,2,2
6,3,4,930.672,8,31.81489085262434,2,3
6,3,5,679.6779,8,27.367561568060825,2,4
6,3,6,0.0,8,0.0,2,5
6,3,7,0.0,8,0.0,2,6
6,3,8,0.0,8,0.0,2,7
6,3,9,0.0,8,0.0,2,8
6,3,10,0.0,8,0.0,2,9
6,3,11,0.0,8,0.0,2,10
6,4,1,17301.85,8,182.3583527278364,3,0
6,4,2,6641.1639,8,95.67604145549763,3,1
6,4,3,3406.453,8,62.67251537627958,3,2
6,4,4,1391.692,8,39.22747402876841,3,3
6,4,5,731.5840000000001,8,27.934944727833273,3,4
6,4,6,0.0,8,0.0,3,5
6,4,7,0.0,8,0.0,3,6
6,4,8,0.0,8,0.0,3,7
6,4,9,0.0,8,0.0,3,8
6,4,10,0.0,8,0.0,3,9
6,4,11,0.0,8,0.0,3,10
6,5,1,14789.03,8,145.7570850770212,4,0
6,5,2,2738.281,8,58.181946313697686,4,1
6,5,3,607.2167,8,25.913021655187183,4,2
6,5,4,94.4547,8,10.370516616745764,4,3
6,5,5,0.0,8,0.0,4,4
6,5,6,0.0,8,0.0,4,5
6,5,7,0.0,8,0.0,4,6
6,5,8,0.0,8,0.0,4,7
6,5,9,0.0,8,0.0,4,8
6,5,10,0.0,8,0.0,4,9
6,5,11,0.0,8,0.0,4,10
6,6,1,363.6794,8,20.739887767172224,5,0
6,6,2,0.0,8,0.0,5,1
6,6,3,0.0,8,0.0,5,2
6,6,4,0.0,8,0.0,5,3
6,6,5,0.0,8,0.0,5,4
6,6,6,0.0,8,0.0,5,5
6,6,7,0.0,8,0.0,5,6
6,6,8,0.0,8,0.0,5,7
6,6,9,0.0,8,0.0,5,8
6,6,10,0.0,8,0.0,5,9
6,6,11,0.0,8,0.0,5,10
6,7,1,0.0,8,0.0,6,0
6,7,2,0.0,8,0.0,6,1
6,7,3,0.0,8,0.0,6,2
6,7,4,0.0,8,0.0,6,3
6,7,5,0.0,8,0.0,6,4
6,7,6,0.0,8,0.0,6,5
6,7,7,0.0,8,0.0,6,6
6,7,8,0.0,8,0.0,6,7
6,7,9,0.0,8,0.0,6,8
6,7,10,0.0,8,0.0,6,9
6,7,11,0.0,8,0.0,6,10
6,8,1,0.0,8,0.0,7,0
6,8,2,0.0,8,0.0,7,1
6,8,3,0.0,8,0.0,7,2
6,8,4,0.0,8,0.0,7,3
6,8,5,0.0,8,0.0,7,4
6,8,6,0.0,8,0.0,7,5
6,8,7,0.0,8,0.0,7,6
6,8,8,0.0,8,0.0,7,7
6,8,9,0.0,8,0.0,7,8
6,8,10,0.0,8,0.0,7,9
6,8,11,0.0,8,0.0,7,10
7,1,1,92274.42,8,946.6976395045516,0,0
7,1,2,103284.97,8,593.9590239321565,0,1
7,1,3,90451.72,8,430.31206579367495,0,2
7,1,4,59488.35,8,297.2592428996111,0,3
7,1,5,46082.88,8,255.8597142719815,0,4
7,1,6,3851.323,8,66.19515608449005,0,5
7,1,7,0.0,8,0.0,0,6
7,1,8,0.0,8,0.0,0,7
7,1,9,0.0,8,0.0,0,8
7,1,10,0.0,8,0.0,0,9
7,1,11,0.0,8,0.0,0,10
7,2,1,110451.00200000001,8,884.9604693813674,1,0
7,2,2,164641.336,8,654.3195339737994,1,1
7,2,3,173001.64,8,564.2452523215148,1,2
7,2,4,152701.47,8,470.3166501643015,1,3
7,2,5,221517.1,8,570.8623408432194,1,4
7,2,6,123442.99,8,395.9703061622803,1,5
7,2,7,57257.22,8,260.450191016363,1,6
7,2,8,28017.47,8,176.60105689151467,1,7
7,2,9,4600.9039999999995,8,70.10134538901518,1,8
7,2,10,34.077,8,6.160332599697844,1,9
7,2,11,0.0,8,0.0,1,10
7,3,1,64476.011,8,412.63427752217825,2,0
7,3,2,84034.0003,8,402.0789916670136,2,1
7,3,3,88243.307,8,376.52648786285937,2,2
7,3,4,85358.211,8,356.0597012368151,2,3
7,3,5,145724.16,8,462.54876496089577,2,4
7,3,6,103683.63,8,357.31096011793426,2,5
7,3,7,70176.8,8,286.93650813864724,2,6
7,3,8,62444.18,8,265.5143372379164,2,7
7,3,9,30928.550000000003,8,184.47827393422241,2,8
7,3,10,15691.675000000001,8,129.07603922723226,2,9
7,3,11,4797.811,8,70.77110370921172,2,10
7,4,1,35234.186,8,266.5672192845362,3,0
7,4,2,44227.8405,8,269.5505781847592,3,1
7,4,3,46148.987,8,248.18763882733967,3,2
7,4,4,44247.12,8,232.85628354927422,3,3
7,4,5,80751.555,8,317.6972669360723,3,4
7,4,6,62720.961,8,269.7453330934569,3,5
7,4,7,45355.502,8,225.73981198056313,3,6
7,4,8,43485.342,8,220.66644201518272,3,7
7,4,9,24688.416,8,163.28419769962431,3,8
7,4,10,16904.609,8,134.71567934153023,3,9
7,4,11,12407.692,8,114.4937276738774,3,10
7,5,1,23993.318,8,187.65944584438054,4,0
7,5,2,26545.398,8,187.87855206089915,4,1
7,5,3,26041.985099999998,8,182.38459392920225,4,2
7,5,4,25211.170000000002,8,170.96122187335348,4,3
7,5,5,45490.17,8,233.70055566367404,4,4
7,5,6,37644.52215,8,204.6498947567098,4,5
7,5,7,28585.64,8,176.36879503024335,4,6
7,5,8,28830.6675,8,176.31224074780968,4,7
7,5,9,16946.6462,8,134.36625792981698,4,8
7,5,10,12078.913,8,113.08840362990364,4,9
7,5,11,9132.955,8,97.95443669895714,4,10
7,6,1,15448.899,8,136.86154165805675,5,0
7,6,2,15441.4417,8,133.13131020507123,5,1
7,6,3,14334.657,8,128.61662660954843,5,2
7,6,4,13162.4959,8,119.91188548639747,5,3
7,6,5,24186.645,8,165.98340796733268,5,4
7,6,6,19692.07,8,145.74549374056133,5,5
7,6,7,15382.93,8,130.31655435864624,5,6
7,6,8,16155.17,8,132.03531856912377,5,7
7,6,9,9742.92,8,101.40383782160318,5,8
7,6,10,7357.069799999999,8,87.90536191660892,5,9
7,6,11,4821.0269,8,71.22991252753297,5,10
7,7,1,7856.801,8,97.69176170322655,6,0
7,7,2,7353.814,8,93.35835557966946,6,1
7,7,3,6507.1816,8,85.63965518005313,6,2
7,7,4,5829.114500000001,8,79.59316488661636,6,3
7,7,5,10315.997,8,105.2883785350976,6,4
7,7,6,8185.8189,8,94.13270803881932,6,5
7,7,7,6360.542,8,82.02176580469357,6,6
7,7,8,6773.481,8,84.68489890736129,6,7
7,7,9,3585.33,8,61.148456160560585,6,8
7,7,10,1972.8410000000001,8,45.59616649807306,6,9
7,7,11,462.011,8,22.301015803113096,6,10
7,8,1,1869.6126,8,45.90115870952497,7,0
7,8,2,1741.6390000000001,8,44.621423787016255,7,1
7,8,3,1366.8398,8,38.4214670974717,7,2
7,8,4,1045.5906,8,33.89688504492411,7,3
7,8,5,1529.3147,8,41.471430227090075,7,4
7,8,6,868.1789,8,30.77613413084886,7,5
7,8,7,315.21374000000003,8,18.815760143456867,7,6
7,8,8,34.1653,8,6.287857855875878,7,7
7,8,9,0.0,8,0.0,7,8
7,8,10,0.0,8,0.0,7,9
7,8,11,0.0,8,0.0,7,10
8,1,1,56477.844,8,624.1792619723119,0,0
8,1,2,54455.335,8,418.286478726841,0,1
8,1,3,42280.0,8,281.37301625907554,0,2
8,1,4,24166.99,8,181.63887331251533,0,3
8,1,5,13794.021,8,132.55256883497202,0,4
8,1,6,146.7779,8,13.516133723953756,0,5
8,1,7,0.0,8,0.0,0,6
8,1,8,0.0,8,0.0,0,7
8,1,9,0.0,8,0.0,0,8
8,1,10,0.0,8,0.0,0,9
8,1,11,0.0,8,0.0,0,10
8,2,1,133800.5,8,797.3120366086292,1,0
8,2,2,164265.172,8,650.3545503342773,1,1
8,2,3,154483.99,8,530.4492686668632,1,2
8,2,4,124629.56999999999,8,423.2813566292875,1,3
8,2,5,156570.53,8,504.30019168473456,1,4
8,2,6,69760.11,8,287.30317294873373,1,5
8,2,7,26101.33,8,170.81474120072306,1,6
8,2,8,9256.859,8,100.28149968668198,1,7
8,2,9,511.9984,8,23.886503052077337,1,8
8,2,10,0.0,8,0.0,1,9
8,2,11,0.0,8,0.0,1,10
8,3,1,108828.43,8,551.0182623212411,2,0
8,3,2,112449.00499999999,8,451.2741870236985,2,1
8,3,3,105096.92199999999,8,384.9077496271152,2,2
8,3,4,96969.15,8,355.3746862749372,2,3
8,3,5,155652.44,8,443.027494835772,2,4
8,3,6,97775.79,8,343.3190024750305,2,5
8,3,7,58876.43,8,258.7545652566153,2,6
8,3,8,46278.07,8,226.05407391575585,2,7
8,3,9,18404.82,8,140.07073362287355,2,8
8,3,10,7150.528,8,86.73358874017609,2,9
8,3,11,1183.8806,8,35.62088483404223,2,10
8,4,1,81622.41,8,396.13439296115155,3,0
8,4,2,72989.136,8,331.5706356691738,3,1
8,4,3,65392.872,8,295.2384894554062,3,2
8,4,4,59665.824,8,265.9964505845896,3,3
8,4,5,103141.655,8,350.5012120914848,3,4
8,4,6,75330.85,8,293.13852323176496,3,5
8,4,7,50627.116,8,237.11589252698775,3,6
8,4,8,44355.032,8,220.0422201087555,3,7
8,4,9,22084.326,8,153.61873885053868,3,8
8,4,10,13671.022,8,120.04407141933332,3,9
8,4,11,7113.818,8,86.32788564965553,3,10
8,5,1,62599.450000000004,8,299.0048903108777,4,0
8,5,2,46973.947,8,247.81883748696345,4,1
8,5,3,40278.3207,8,221.0822729599524,4,2
8,5,4,35100.3104,8,197.13963713852903,4,3
8,5,5,62259.8763,8,267.1259429684013,4,4
8,5,6,48319.2377,8,229.06328618283115,4,5
8,5,7,35199.8038,8,196.22314667080562,4,6
8,5,8,33441.159,8,189.21885688617294,4,7
8,5,9,17605.553,8,136.6019720802379,4,8
8,5,10,11069.901,8,107.89184535023952,4,9
8,5,11,5595.0869999999995,8,76.64172047475188,4,10
8,6,1,41022.39,8,229.16126775367167,5,0
8,6,2,29551.6818,8,185.72659438174168,5,1
8,6,3,23040.8747,8,160.108727876212,5,2
8,6,4,19639.003,8,146.14219740252986,5,3
8,6,5,33051.1184,8,190.3997410871877,5,4
8,6,6,25520.9636,8,165.44903812071104,5,5
8,6,7,18939.52,8,141.4103942818561,5,6
8,6,8,18933.9256,8,141.45505908534378,5,7
8,6,9,9711.908,8,100.80168900365707,5,8
8,6,10,5561.4368,8,76.36187272952387,5,9
8,6,11,1753.433,8,43.07347955900475,5,10
8,7,1,19886.54,8,153.82509590310679,6,0
8,7,2,13854.875300000002,8,124.14382048177026,6,1
8,7,3,10379.7236,8,106.71037508111804,6,2
8,7,4,8468.54,8,95.4452065464788,6,3
8,7,5,13168.459,8,120.13806528806764,6,4
8,7,6,8925.83,8,98.28430055354721,6,5
8,7,7,5718.732,8,77.74487951421624,6,6
8,7,8,4439.493,8,68.5068835465459,6,7
8,7,9,1545.355,8,40.70043613476396,6,8
8,7,10,300.5381,8,18.409177580074022,6,9
8,7,11,0.0,8,0.0,6,10
8,8,1,2638.02,8,53.8481989932811,7,0
8,8,2,1332.4357,8,37.85210271132107,7,1
8,8,3,882.2892,8,30.768022769258344,7,2
8,8,4,437.8627,8,21.973603267284133,7,3
8,8,5,468.8356,8,22.81931209634068,7,4
8,8,6,63.2954,8,8.58738636807498,7,5
8,8,7,0.0,8,0.0,7,6
8,8,8,0.0,8,0.0,7,7
8,8,9,0.0,8,0.0,7,8
8,8,10,0.0,8,0.0,7,9
8,8,11,0.0,8,0.0,7,10
9,1,1,16681.378,8,279.2392601735651,0,0
9,1,2,11890.856,8,180.88798602143262,0,1
9,1,3,7534.102,8,110.19842108950563,0,2
9,1,4,3750.3801,8,69.21265975777625,0,3
9,1,5,849.7857,8,31.0100645883655,0,4
9,1,6,0.0,8,0.0,0,5
9,1,7,0.0,8,0.0,0,6
9,1,8,0.0,8,0.0,0,7
9,1,9,0.0,8,0.0,0,8
9,1,10,0.0,8,0.0,0,9
9,1,11,0.0,8,0.0,0,10
9,2,1,165101.49,8,952.3271750716767,1,0
9,2,2,137516.63,8,600.9915883672583,1,1
9,2,3,108487.34,8,436.76525118420307,1,2
9,2,4,76655.93,8,317.9648339694501,1,3
9,2,5,80128.61,8,321.24909989411645,1,4
9,2,6,24865.576,8,167.94546321782556,1,5
9,2,7,5761.5779999999995,8,80.91100064645104,1,6
9,2,8,568.4489,8,24.80760659598382,1,7
9,2,9,0.0,8,0.0,1,8
9,2,10,0.0,8,0.0,1,9
9,2,11,0.0,8,0.0,1,10
9,3,1,201467.21000000002,8,827.6020879124218,2,0
9,3,2,161202.48,8,558.4239956945349,2,1
9,3,3,127988.75,8,428.5789579100915,2,2
9,3,4,107013.66,8,386.8566465630906,2,3
9,3,5,150011.05000000002,8,432.4710949724733,2,4
9,3,6,79146.66,8,301.5344114500035,2,5
9,3,7,39754.92,8,208.49329514603102,2,6
9,3,8,23474.387,8,158.4019631247353,2,7
9,3,9,5803.6973,8,78.13040431713445,2,8
9,3,10,1062.632,8,33.736468954975116,2,9
9,3,11,0.0,8,0.0,2,10
9,4,1,178944.76,8,593.4714680395342,3,0
9,4,2,124539.03,8,427.34611685666454,3,1
9,4,3,100785.31,8,363.36853697287825,3,2
9,4,4,84465.46399999999,8,315.67810269016127,3,3
9,4,5,133444.66999999998,8,415.4719751930929,3,4
9,4,6,86093.44,8,310.71084750907875,3,5
9,4,7,50209.318999999996,8,232.60976736493674,3,6
9,4,8,36065.126,8,196.50826726761397,3,7
9,4,9,14068.064999999999,8,121.64652300374227,3,8
9,4,10,5755.7119999999995,8,77.66231071388489,3,9
9,4,11,1145.4181,8,34.99680678456393,3,10
9,5,1,146402.4,8,459.56829898938855,4,0
9,5,2,87970.66,8,333.27936492843355,4,1
9,5,3,65645.889,8,279.67214155519673,4,2
9,5,4,53915.257,8,245.66239906442746,4,3
9,5,5,87640.28,8,320.19790749455245,4,4
9,5,6,61717.28799999999,8,259.8432078696305,4,5
9,5,7,40545.587,8,209.0889048696511,4,6
9,5,8,31404.14,8,182.30327968755802,4,7
9,5,9,11826.7989,8,111.43002074582998,4,8
9,5,10,4521.587500000001,8,68.99779395283664,4,9
9,5,11,753.7375000000001,8,28.618899693973212,4,10
9,6,1,91541.7,8,338.28696399613153,5,0
9,6,2,54566.241,8,249.74643294900127,5,1
9,6,3,37078.136,8,202.83406409602406,5,2
9,6,4,28094.023,8,175.3753188919695,5,3
9,6,5,42722.351,8,217.5290039385323,5,4
9,6,6,28786.83,8,175.13174665042885,5,5
9,6,7,17897.597999999998,8,137.71348191676805,5,6
9,6,8,12695.1164,8,115.44609430636534,5,7
9,6,9,3486.598,8,60.30976849640529,5,8
9,6,10,712.6395,8,27.51664480381647,5,9
9,6,11,0.0,8,0.0,5,10
9,7,1,34127.3,8,198.5511219690536,6,0
9,7,2,19698.215,8,146.9800252866695,6,1
9,7,3,11874.7159,8,113.08595604419675,6,2
9,7,4,7319.583799999999,8,88.27847745894806,6,3
9,7,5,8570.8952,8,95.25523649458648,6,4
9,7,6,3778.3992,8,63.09550940401068,6,5
9,7,7,1360.9718,8,38.00435223518617,6,6
9,7,8,466.264,8,22.50483236590533,6,7
9,7,9,0.0,8,0.0,6,8
9,7,10,0.0,8,0.0,6,9
9,7,11,0.0,8,0.0,6,10
9,8,1,532.1091,8,24.341607505659933,7,0
9,8,2,148.5451,8,12.99074092719888,7,1
9,8,3,0.0,8,0.0,7,2
9,8,4,0.0,8,0.0,7,3
9,8,5,0.0,8,0.0,7,4
9,8,6,0.0,8,0.0,7,5
9,8,7,0.0,8,0.0,7,6
9,8,8,0.0,8,0.0,7,7
9,8,9,0.0,8,0.0,7,8
9,8,10,0.0,8,0.0,7,9
9,8,11,0.0,8,0.0,7,10
10,1,1,244.02524,8,28.09682557519977,0,0
10,1,2,50.6666,8,9.001442194904104,0,1
10,1,3,15.4517,8,4.33476,0,2
10,1,4,0.0,8,0.0,0,3
10,1,5,0.0,8,0.0,0,4
10,1,6,0.0,8,0.0,0,5
10,1,7,0.0,8,0.0,0,6
10,1,8,0.0,8,0.0,0,7
10,1,9,0.0,8,0.0,0,8
10,1,10,0.0,8,0.0,0,9
10,1,11,0.0,8,0.0,0,10
10,2,1,71047.18,8,635.1796642840512,1,0
10,2,2,37215.450000000004,8,297.02852798455234,1,1
10,2,3,23464.897,8,179.8883832199011,1,2
10,2,4,16279.24,8,140.23757376534294,1,3
10,2,5,14382.445,8,130.6584515334542,1,4
10,2,6,2420.0544,8,58.067920064790506,1,5
10,2,7,11.2253,8,3.66591,1,6
10,2,8,0.0,8,0.0,1,7
10,2,9,0.0,8,0.0,1,8
10,2,10,0.0,8,0.0,1,9
10,2,11,0.0,8,0.0,1,10
10,3,1,137246.91999999998,8,652.348802283717,2,0
10,3,2,91195.94,8,405.8438298151889,2,1
10,3,3,56529.23,8,284.2267366082051,2,2
10,3,4,41634.98,8,220.95580189716674,2,3
10,3,5,54909.07,8,252.33617339277774,2,4
10,3,6,23844.315,8,161.07331240239643,2,5
10,3,7,8613.892,8,95.88904419849017,2,6
10,3,8,2848.9809999999998,8,54.98085995471515,2,7
10,3,9,180.1254,8,14.320774049900376,2,8
10,3,10,0.0,8,0.0,2,9
10,3,11,0.0,8,0.0,2,10
10,4,1,148705.3,8,542.4645881308751,3,0
10,4,2,89237.03,8,361.1335278568026,3,1
10,4,3,61367.25,8,275.9104356035487,3,2
10,4,4,44362.25,8,224.97473326147093,3,3
10,4,5,60044.72,8,259.409870391163,3,4
10,4,6,33176.32,8,188.61842457124914,3,5
10,4,7,14844.731,8,126.10738716645429,3,6
10,4,8,7399.1918000000005,8,88.19803930348452,3,7
10,4,9,1299.6205,8,37.43872700021196,3,8
10,4,10,27.29064,8,5.632378561327355,3,9
10,4,11,0.0,8,0.0,3,10
10,5,1,122142.64,8,414.85642007205337,4,0
10,5,2,66127.81,8,286.7733727046673,4,1
10,5,3,43190.43,8,223.01308283174777,4,2
10,5,4,31353.546000000002,8,187.19975622337228,4,3
10,5,5,42439.238,8,217.5356413301278,4,4
10,5,6,23172.767,8,157.25255609744474,4,5
10,5,7,10550.112000000001,8,105.34932644231762,4,6
10,5,8,4511.5892,8,69.16077805013546,4,7
10,5,9,399.64459999999997,8,20.951329831084706,4,8
10,5,10,0.0,8,0.0,4,9
10,5,11,0.0,8,0.0,4,10
10,6,1,67219.73999999999,8,286.64942228612637,5,0
10,6,2,36478.74,8,205.04428665900448,5,1
10,6,3,20473.881,8,150.89977790182462,5,2
10,6,4,12901.905,8,118.80639574299019,5,3
10,6,5,14308.866,8,124.4406789674502,5,4
10,6,6,5525.2639,8,76.79820519628633,5,5
10,6,7,1582.126,8,41.2480973242403,5,6
10,6,8,312.1002,8,18.637045264947446,5,7
10,6,9,0.0,8,0.0,5,8
10,6,10,0.0,8,0.0,5,9
10,6,11,0.0,8,0.0,5,10
10,7,1,9839.267,8,104.75173401686484,6,0
10,7,2,3909.172,8,64.85817271439275,6,1
10,7,3,1355.2438,8,38.26053278041748,6,2
10,7,4,524.9729,8,23.88219569951641,6,3
10,7,5,201.5946,8,14.91438500864853,6,4
10,7,6,0.0,8,0.0,6,5
10,7,7,0.0,8,0.0,6,6
10,7,8,0.0,8,0.0,6,7
10,7,9,0.0,8,0.0,6,8
10,7,10,0.0,8,0.0,6,9
10,7,11,0.0,8,0.0,6,10
10,8,1,0.0,8,0.0,7,0
10,8,2,0.0,8,0.0,7,1
10,8,3,0.0,8,0.0,7,2
10,8,4,0.0,8,0.0,7,3
10,8,5,0.0,8,0.0,7,4
10,8,6,0.0,8,0.0,7,5
10,8,7,0.0,8,0.0,7,6
10,8,8,0.0,8,0.0,7,7
10,8,9,0.0,8,0.0,7,8
10,8,10,0.0,8,0.0,7,9
10,8,11,0.0,8,0.0,7,10
11,1,1,0.0,8,0.0,0,0
11,1,2,0.0,8,0.0,0,1
11,1,3,0.0,8,0.0,0,2
11,1,4,0.0,8,0.0,0,3
11,1,5,0.0,8,0.0,0,4
11,1,6,0.0,8,0.0,0,5
11,1,7,0.0,8,0.0,0,6
11,1,8,0.0,8,0.0,0,7
11,1,9,0.0,8,0.0,0,8
11,1,10,0.0,8,0.0,0,9
11,1,11,0.0,8,0.0,0,10
11,2,1,26027.89,8,337.4767415683042,1,0
11,2,2,10987.754,8,140.26595021839762,1,1
11,2,3,6087.128,8,86.99995246636632,1,2
11,2,4,4275.711,8,69.8597453087971,1,3
11,2,5,3126.5715,8,58.88484614398937,1,4
11,2,6,27.5625,8,6.332591762888241,1,5
11,2,7,0.0,8,0.0,1,6
11,2,8,0.0,8,0.0,1,7
11,2,9,0.0,8,0.0,1,8
11,2,10,0.0,8,0.0,1,9
11,2,11,0.0,8,0.0,1,10
11,3,1,114718.87,8,607.9043276412826,2,0
11,3,2,58684.32,8,317.83842753041995,2,1
11,3,3,30657.235,8,199.2912153905435,2,2
11,3,4,20565.468,8,152.8184932026226,2,3
11,3,5,23950.2671,8,162.7992659869927,2,4
11,3,6,7062.827,8,87.29197908485062,2,5
11,3,7,1207.636,8,35.99122791597975,2,6
11,3,8,66.8243,8,8.628643714385245,2,7
11,3,9,0.0,8,0.0,2,8
11,3,10,0.0,8,0.0,2,9
11,3,11,0.0,8,0.0,2,10
11,4,1,145047.5,8,575.9903342261916,3,0
11,4,2,66879.77,8,315.72473312002336,3,1
11,4,3,38859.43,8,217.33758070708802,3,2
11,4,4,23424.39,8,161.60706131397848,3,3
11,4,5,25641.934999999998,8,167.35522714008667,3,4
11,4,6,9798.9015,8,102.4719670314745,3,5
11,4,7,2391.519,8,50.161679996288,3,6
11,4,8,299.59450000000004,8,18.134400366706366,3,7
11,4,9,0.0,8,0.0,3,8
11,4,10,0.0,8,0.0,3,9
11,4,11,0.0,8,0.0,3,10
11,5,1,109985.88,8,438.3658449582951,4,0
11,5,2,50503.270000000004,8,262.02586904580625,4,1
11,5,3,24229.59,8,167.5981522344444,4,2
11,5,4,13225.345,8,121.05625551507035,4,3
11,5,5,12270.922999999999,8,115.33565263404027,4,4
11,5,6,3218.7407,8,58.55153491385602,4,5
11,5,7,406.2273,8,21.185844696185704,4,6
11,5,8,0.0,8,0.0,4,7
11,5,9,0.0,8,0.0,4,8
11,5,10,0.0,8,0.0,4,9
11,5,11,0.0,8,0.0,4,10
11,6,1,32711.989999999998,8,207.79919162624284,5,0
11,6,2,13167.065,8,123.64881029629845,5,1
11,6,3,5032.8781,8,73.86468591925373,5,2
11,6,4,1849.717,8,44.84253813165575,5,3
11,6,5,951.4649000000001,8,32.25282968196589,5,4
11,6,6,0.0,8,0.0,5,5
11,6,7,0.0,8,0.0,5,6
11,6,8,0.0,8,0.0,5,7
11,6,9,0.0,8,0.0,5,8
11,6,10,0.0,8,0.0,5,9
11,6,11,0.0,8,0.0,5,10
11,7,1,213.1796,8,16.226734949702603,6,0
11,7,2,0.0,8,0.0,6,1
11,7,3,0.0,8,0.0,6,2
11,7,4,0.0,8,0.0,6,3
11,7,5,0.0,8,0.0,6,4
11,7,6,0.0,8,0.0,6,5
11,7,7,0.0,8,0.0,6,6
11,7,8,0.0,8,0.0,6,7
11,7,9,0.0,8,0.0,6,8
11,7,10,0.0,8,0.0,6,9
11,7,11,0.0,8,0.0,6,10
11,8,1,0.0,8,0.0,7,0
11,8,2,0.0,8,0.0,7,1
11,8,3,0.0,8,0.0,7,2
11,8,4,0.0,8,0.0,7,3
11,8,5,0.0,8,0.0,7,4
11,8,6,0.0,8,0.0,7,5
11,8,7,0.0,8,0.0,7,6
11,8,8,0.0,8,0.0,7,7
11,8,9,0.0,8,0.0,7,8
11,8,10,0.0,8,0.0,7,9
11,8,11,0.0,8,0.0,7,10
12,1,1,93633.9541,8,1090.0065430696002,0,0
12,1,2,92470.89,8,575.7322695143724,0,1
12,1,3,78615.99,8,404.12400302289643,0,2
12,1,4,47752.13,8,263.46201793273735,0,3
12,1,5,29057.63,8,197.03478938415927,0,4
12,1,6,817.9133,8,30.11574241961669,0,5
12,1,7,0.0,8,0.0,0,6
12,1,8,0.0,8,0.0,0,7
12,1,9,0.0,8,0.0,0,8
12,1,10,0.0,8,0.0,0,9
12,1,11,0.0,8,0.0,0,10
12,2,1,127057.23999999999,8,787.0932575978529,1,0
12,2,2,165946.403,8,667.0682209779596,1,1
12,2,3,163688.94,8,529.897288648923,1,2
12,2,4,139299.13,8,454.21792743492637,1,3
12,2,5,195766.85,8,528.8684126547926,1,4
12,2,6,98640.53,8,345.97630466719824,1,5
12,2,7,40620.41,8,216.75240169998116,1,6
12,2,8,16655.31,8,135.3698323443595,1,7
12,2,9,1423.9188,8,38.93123539669657,1,8
12,2,10,0.0,8,0.0,1,9
12,2,11,0.0,8,0.0,1,10
12,3,1,91323.64,8,507.57976324262575,2,0
12,3,2,98448.22,8,427.3860213468616,2,1
12,3,3,95652.332,8,380.4828813074118,2,2
12,3,4,87883.72,8,348.9574280587963,2,3
12,3,5,143104.44999999998,8,435.58196333601785,2,4
12,3,6,97381.53,8,348.1622513696739,2,5
12,3,7,63274.51,8,273.6365720942835,2,6
12,3,8,54304.17,8,247.37585069864843,2,7
12,3,9,25032.41,8,164.40400592439954,2,8
12,3,10,11314.581,8,109.41892680825379,2,9
12,3,11,2489.4449999999997,8,51.14620278085168,2,10
12,4,1,60691.08,8,353.066723734169,3,0
12,4,2,60381.413,8,312.70815701860096,3,1
12,4,3,57207.299999999996,8,278.0989425424879,3,2
12,4,4,51595.8106,8,251.01342811894847,3,3
12,4,5,89688.827,8,334.69612631869524,3,4
12,4,6,66385.679,8,285.1169416149451,3,5
12,4,7,45932.037,8,226.55363362142307,3,6
12,4,8,42699.342000000004,8,219.01016089081347,3,7
12,4,9,23119.372,8,158.5169783836419,3,8
12,4,10,15143.445,8,126.70770137860602,3,9
12,4,11,9606.48,8,100.29254136091077,3,10
12,5,1,45334.91,8,262.79952482394253,4,0
12,5,2,38965.3243,8,229.18956921627674,4,1
12,5,3,35840.1562,8,207.86606740968594,4,2
12,5,4,30955.6409,8,189.38007134615324,4,3
12,5,5,54164.5155,8,248.28953858674754,4,4
12,5,6,41928.370899999994,8,213.76793819374058,4,5
12,5,7,30813.198099999998,8,186.40414619167782,4,6
12,5,8,29662.8774,8,181.99957449456357,4,7
12,5,9,16459.4001,8,132.5041092841656,4,8
12,5,10,11072.765,8,108.48534933750271,4,9
12,5,11,6756.621,8,84.16648264701335,4,10
12,6,1,29580.8,8,196.70136331301825,5,0
12,6,2,23790.398,8,167.18292329924128,5,1
12,6,3,20691.7878,8,152.88917277645137,5,2
12,6,4,17623.45,8,139.53628811459762,5,3
12,6,5,29062.5369,8,182.99377668989183,5,4
12,6,6,22284.23,8,155.52274203427612,5,5
12,6,7,16799.4659,8,136.09291637638015,5,6
12,6,8,16949.7332,8,135.064309894056,5,7
12,6,9,9298.48,8,98.96919370501105,5,8
12,6,10,5508.1847,8,76.29414658050838,5,9
12,6,11,2405.223,8,50.37900793605011,5,10
12,7,1,14475.012999999999,8,134.57946114790326,6,0
12,7,2,11189.5941,8,116.64787474007231,6,1
12,7,3,8962.0981,8,100.84007977632157,6,2
12,7,4,7400.973,8,89.66683524598156,6,3
12,7,5,12450.505,8,116.41060838866878,6,4
12,7,6,8564.192,8,96.45537743889659,6,5
12,7,7,5693.687,8,77.53090594949862,6,6
12,7,8,4876.588,8,72.72926114900385,6,7
12,7,9,1812.583,8,43.966090182207466,6,8
12,7,10,580.2644,8,25.10188986472134,6,9
12,7,11,0.0,8,0.0,6,10
12,8,1,2350.0436,8,51.46004828952262,7,0
12,8,2,1425.5428,8,39.90087348586369,7,1
12,8,3,996.5952,8,33.368252393209026,7,2
12,8,4,537.0319000000001,8,24.231900644582133,7,3
12,8,5,715.7059,8,28.12799857114793,7,4
12,8,6,169.99880000000002,8,14.067304725152576,7,5
12,8,7,0.0,8,0.0,7,6
12,8,8,0.0,8,0.0,7,7
12,8,9,0.0,8,0.0,7,8
12,8,10,0.0,8,0.0,7,9
12,8,11,0.0,8,0.0,7,10
13,1,1,36296.617,8,609.2986602399844,0,0
13,1,2,30172.911,8,298.5742635167673,0,1
13,1,3,22159.55,8,189.62208920112656,0,2
13,1,4,11480.537,8,121.41630884185204,0,3
13,1,5,3734.6929999999998,8,66.17730337872646,0,4
13,1,6,0.0,8,0.0,0,5
13,1,7,0.0,8,0.0,0,6
13,1,8,0.0,8,0.0,0,7
13,1,9,0.0,8,0.0,0,8
13,1,10,0.0,8,0.0,0,9
13,1,11,0.0,8,0.0,0,10
13,2,1,130156.17,8,803.1908057690899,1,0
13,2,2,114235.26000000001,8,561.4795035613054,1,1
13,2,3,94636.54000000001,8,440.20781355942563,1,2
13,2,4,72379.06999999999,8,312.1801015721213,1,3
13,2,5,86832.86,8,357.09812172451984,1,4
13,2,6,32974.56,8,194.99594461993306,1,5
13,2,7,9541.028,8,101.73184848182991,1,6
13,2,8,2011.3065,8,46.72212449858953,1,7
13,2,9,0.0,8,0.0,1,8
13,2,10,0.0,8,0.0,1,9
13,2,11,0.0,8,0.0,1,10
13,3,1,104623.72,8,570.2067995631058,2,0
13,3,2,92569.11,8,412.03276422994566,2,1
13,3,3,78596.292,8,341.78954544530757,2,2
13,3,4,67055.378,8,304.46815392651496,2,3
13,3,5,101318.23,8,361.10287349176554,2,4
13,3,6,60260.81,8,262.12133992944945,2,5
13,3,7,34120.68,8,194.8122570874841,2,6
13,3,8,24130.57,8,160.91014502898815,2,7
13,3,9,7750.552000000001,8,90.74948379186517,2,8
13,3,10,1944.1726,8,45.54611022505105,2,9
13,3,11,65.2037,8,8.761624921862381,2,10
13,4,1,87221.45,8,408.11020141812185,3,0
13,4,2,65324.090000000004,8,312.52429042828015,3,1
13,4,3,55089.851,8,269.936956561935,3,2
13,4,4,46745.561,8,255.22062645186028,3,3
13,4,5,76718.342,8,304.36111949454056,3,4
13,4,6,51922.621,8,240.6226941109878,3,5
13,4,7,32713.244,8,188.61932281860732,3,6
13,4,8,26366.535,8,169.45612202847673,3,7
13,4,9,11555.16,8,110.47125580864916,3,8
13,4,10,5998.937,8,79.62664378943772,3,9
13,4,11,1876.042,8,44.52492013007996,3,10
13,5,1,67733.82,8,314.4917781296993,4,0
13,5,2,45666.948,8,240.78745370994727,4,1
13,5,3,35616.403,8,206.3365036341122,4,2
13,5,4,29240.0052,8,184.60882156259487,4,3
13,5,5,48254.074,8,238.77622815782982,4,4
13,5,6,34692.103,8,193.69329671684562,4,5
13,5,7,23442.4801,8,158.7907167114312,4,6
13,5,8,20093.3842,8,146.0695383043446,4,7
13,5,9,8836.124099999999,8,96.69636864194902,4,8
13,5,10,3990.2758,8,65.42024443696691,4,9
13,5,11,951.485,8,32.48000199738294,4,10
13,6,1,41593.65,8,228.53944417959892,5,0
13,6,2,27864.461,8,177.68348134897064,5,1
13,6,3,20119.216,8,151.19628511461516,5,2
13,6,4,16052.974699999999,8,131.89667123005796,5,3
13,6,5,24486.6684,8,165.03868165221903,5,4
13,6,6,16734.7623,8,143.49064424155813,5,5
13,6,7,10907.0031,8,107.727221315143,5,6
13,6,8,8364.5704,8,93.8765930743596,5,7
13,6,9,2930.214,8,55.60079159238652,5,8
13,6,10,842.8245,8,30.122678684008168,5,9
13,6,11,35.3631,8,6.411184904719252,5,10
13,7,1,16680.77,8,142.61841633183283,6,0
13,7,2,10800.375,8,111.07235486163964,6,1
13,7,3,7037.0643,8,88.28094884900139,6,2
13,7,4,4779.496,8,71.37365882236668,6,3
13,7,5,6194.34,8,81.49589981747548,6,4
13,7,6,3129.1227,8,57.77292670317127,6,5
13,7,7,1139.0136,8,35.088171505332106,6,6
13,7,8,504.0369,8,23.461434670797523,6,7
13,7,9,0.0,8,0.0,6,8
13,7,10,0.0,8,0.0,6,9
13,7,11,0.0,8,0.0,6,10
13,8,1,374.2079,8,20.823512755419053,7,0
13,8,2,140.5052,8,12.818706249688383,7,1
13,8,3,0.0,8,0.0,7,2
13,8,4,0.0,8,0.0,7,3
13,8,5,0.0,8,0.0,7,4
13,8,6,0.0,8,0.0,7,5
13,8,7,0.0,8,0.0,7,6
13,8,8,0.0,8,0.0,7,7
13,8,9,0.0,8,0.0,7,8
13,8,10,0.0,8,0.0,7,9
13,8,11,0.0,8,0.0,7,10
14,1,1,12731.336,8,263.66585913995385,0,0
14,1,2,7505.408,8,136.28921501237727,0,1
14,1,3,4616.071,8,81.54359565361341,0,2
14,1,4,1388.7267,8,41.65633310398312,0,3
14,1,5,26.3371,8,5.69781,0,4
14,1,6,0.0,8,0.0,0,5
14,1,7,0.0,8,0.0,0,6
14,1,8,0.0,8,0.0,0,7
14,1,9,0.0,8,0.0,0,8
14,1,10,0.0,8,0.0,0,9
14,1,11,0.0,8,0.0,0,10
14,2,1,174860.6,8,1068.7782478732433,1,0
14,2,2,110793.27,8,549.9697592731803,1,1
14,2,3,73377.22,8,345.722079799425,1,2
14,2,4,50887.82,8,252.18347775639467,1,3
14,2,5,46999.81,8,239.22945265044186,1,4
14,2,6,10512.6338,8,107.34291259853163,1,5
14,2,7,1234.909,8,36.644597477703314,1,6
14,2,8,0.0,8,0.0,1,7
14,2,9,0.0,8,0.0,1,8
14,2,10,0.0,8,0.0,1,9
14,2,11,0.0,8,0.0,1,10
14,3,1,254984.7,8,1085.7744033785286,2,0
14,3,2,170246.5,8,585.3417459570093,2,1
14,3,3,117822.9,8,409.9186933569266,2,2
14,3,4,83995.12,8,323.05504576375216,2,3
14,3,5,107317.2,8,358.6716757273705,2,4
14,3,6,51278.36,8,237.65649272999045,2,5
14,3,7,21086.097999999998,8,152.0472013736195,2,6
14,3,8,9508.199999999999,8,100.10311124660412,2,7
14,3,9,1306.2527,8,37.484938410113465,2,8
14,3,10,21.67397,8,4.9552720781507045,2,9
14,3,11,0.0,8,0.0,2,10
14,4,1,252131.5,8,774.742483215552,3,0
14,4,2,149615.31,8,485.71814527357327,3,1
14,4,3,104831.42,8,371.78206704999906,3,2
14,4,4,76286.67,8,302.9021932210792,3,3
14,4,5,100568.25,8,341.98374993262473,3,4
14,4,6,53734.04,8,244.60936660904872,3,5
14,4,7,26550.992,8,170.60905367394778,3,6
14,4,8,15271.854,8,127.27911475466036,3,7
14,4,9,3919.63,8,64.36920936029897,3,8
14,4,10,761.6541000000001,8,28.891235497202263,3,9
14,4,11,0.0,8,0.0,3,10
14,5,1,178083.7,8,546.7218416617357,4,0
14,5,2,105131.22,8,381.1386891979611,4,1
14,5,3,66504.2,8,287.19257264584684,4,2
14,5,4,46735.359000000004,8,232.69415248832533,4,3
14,5,5,61563.822,8,274.48326421680065,4,4
14,5,6,33218.23,8,194.04368103306018,4,5
14,5,7,17000.07,8,134.83826027011028,4,6
14,5,8,9438.5367,8,99.96445701880944,4,7
14,5,9,2138.352,8,47.833081250871764,4,8
14,5,10,257.8532,8,17.261533174700908,4,9
14,5,11,0.0,8,0.0,4,10
14,6,1,76246.41,8,320.2902799412433,5,0
14,6,2,45088.64,8,236.01200006713643,5,1
14,6,3,27193.3,8,179.5875006877984,5,2
14,6,4,17229.811,8,138.85468484664102,5,3
14,6,5,19732.807,8,151.0885723547284,5,4
14,6,6,8981.2273,8,97.59010932722845,5,5
14,6,7,3471.1975,8,60.631630510977516,5,6
14,6,8,1387.308,8,38.58578350247666,5,7
14,6,9,9.58972,8,3.35534,5,8
14,6,10,0.0,8,0.0,5,9
14,6,11,0.0,8,0.0,5,10
14,7,1,11387.779999999999,8,116.37817945878,6,0
14,7,2,5502.0070000000005,8,78.2017345547399,6,1
14,7,3,2782.6775000000002,8,55.25646260284855,6,2
14,7,4,1275.093,8,37.39146788393042,6,3
14,7,5,901.4338,8,31.496524020634403,6,4
14,7,6,97.0577,8,10.566618022735563,6,5
14,7,7,0.0,8,0.0,6,6
14,7,8,0.0,8,0.0,6,7
14,7,9,0.0,8,0.0,6,8
14,7,10,0.0,8,0.0,6,9
14,7,11,0.0,8,0.0,6,10
14,8,1,0.0,8,0.0,7,0
14,8,2,0.0,8,0.0,7,1
14,8,3,0.0,8,0.0,7,2
14,8,4,0.0,8,0.0,7,3
14,8,5,0.0,8,0.0,7,4
14,8,6,0.0,8,0.0,7,5
14,8,7,0.0,8,0.0,7,6
14,8,8,0.0,8,0.0,7,7
14,8,9,0.0,8,0.0,7,8
14,8,10,0.0,8,0.0,7,9
14,8,11,0.0,8,0.0,7,10
15,1,1,81320.56999999999,8,916.1995362992715,0,0
15,1,2,73088.08,8,509.48630597838445,0,1
15,1,3,48731.46,8,296.2072131421684,0,2
15,1,4,21050.34,8,173.70100633865079,0,3
15,1,5,6345.713000000001,8,86.63095446218978,0,4
15,1,6,0.0,8,0.0,0,5
15,1,7,0.0,8,0.0,0,6
15,1,8,0.0,8,0.0,0,7
15,1,9,0.0,8,0.0,0,8
15,1,10,0.0,8,0.0,0,9
15,1,11,0.0,8,0.0,0,10
15,2,1,203116.88,8,1176.7494807744765,1,0
15,2,2,191409.43,8,745.7051465371551,1,1
15,2,3,155688.66,8,535.6596218013917,1,2
15,2,4,116997.73,8,405.9550166080966,1,3
15,2,5,136627.05,8,432.129566327531,1,4
15,2,6,48709.17,8,241.3788525326525,1,5
15,2,7,14015.24,8,125.14749319854553,1,6
15,2,8,2929.514,8,56.241062500009726,1,7
15,2,9,0.0,8,0.0,1,8
15,2,10,0.0,8,0.0,1,9
15,2,11,0.0,8,0.0,1,10
15,3,1,191878.8,8,912.3114291583768,2,0
15,3,2,158587.81,8,602.6586658135433,2,1
15,3,3,132599.75,8,470.0411151946604,2,2
15,3,4,104451.53,8,379.11796669094963,2,3
15,3,5,151214.98,8,472.5650056241575,2,4
15,3,6,87204.62,8,326.9997316671988,2,5
15,3,7,47938.05,8,233.65035298231416,2,6
15,3,8,32249.190000000002,8,187.96827033930487,2,7
15,3,9,9970.917,8,102.81649269465478,2,8
15,3,10,2698.572,8,53.41192704902155,2,9
15,3,11,120.1269,8,11.93984191531027,2,10
15,4,1,159806.3,8,631.4903401683988,3,0
15,4,2,117763.16,8,458.7343165829868,3,1
15,4,3,93339.53,8,376.5760485820095,3,2
15,4,4,75501.702,8,317.40605518230115,3,3
15,4,5,109681.191,8,383.84312088905546,3,4
15,4,6,68116.497,8,280.9836758255362,3,5
15,4,7,41040.667,8,218.5383031284905,3,6
15,4,8,30993.963,8,184.78181685287652,3,7
15,4,9,12941.658,8,117.46062459837339,3,8
15,4,10,6209.195,8,80.83251519011394,3,9
15,4,11,2071.534,8,46.902763966103315,3,10
15,5,1,109248.51999999999,8,435.14705880770924,4,0
15,5,2,76178.89,8,339.8847576069424,4,1
15,5,3,57546.450000000004,8,277.34165616365675,4,2
15,5,4,44001.051,8,235.8814910158701,4,3
15,5,5,63947.196,8,286.26849890602705,4,4
15,5,6,40171.117,8,213.86282547948815,4,5
15,5,7,24415.1547,8,168.55615346670794,4,6
15,5,8,19145.3374,8,144.25643498757688,4,7
15,5,9,7457.7356,8,88.81781351065167,4,8
15,5,10,3434.5125,8,60.27057713728648,4,9
15,5,11,1002.2713,8,32.85118575634219,4,10
15,6,1,51074.86,8,269.3567337745058,5,0
15,6,2,35138.05,8,213.35656651525866,5,1
15,6,3,25763.138,8,179.4406671593984,5,2
15,6,4,18856.0629,8,149.87626723637737,5,3
15,6,5,26027.6797,8,175.60052200731323,5,4
15,6,6,15009.082199999999,8,129.13604745021468,5,5
15,6,7,8875.748,8,100.19497771325666,5,6
15,6,8,6530.418,8,83.44339345310688,5,7
15,6,9,2475.483,8,51.363062324884794,5,8
15,6,10,809.5331,8,29.718014834051417,5,9
15,6,11,0.0,8,0.0,5,10
15,7,1,12356.67,8,127.26427464991893,6,0
15,7,2,7637.602,8,97.51892354333081,6,1
15,7,3,5220.2741,8,78.17210475982914,6,2
15,7,4,3740.0839,8,63.90591928570389,6,3
15,7,5,4826.2143,8,72.64057647563448,6,4
15,7,6,2341.47,8,50.40047692780298,6,5
15,7,7,980.9785,8,32.48119892744263,6,6
15,7,8,477.98260000000005,8,23.152409232377956,6,7
15,7,9,14.1378,8,4.05615,6,8
15,7,10,0.0,8,0.0,6,9
15,7,11,0.0,8,0.0,6,10
15,8,1,167.3655,8,13.773827061710191,7,0
15,8,2,31.4973,8,6.04015,7,1
15,8,3,0.0,8,0.0,7,2
15,8,4,0.0,8,0.0,7,3
15,8,5,0.0,8,0.0,7,4
15,8,6,0.0,8,0.0,7,5
15,8,7,0.0,8,0.0,7,6
15,8,8,0.0,8,0.0,7,7
15,8,9,0.0,8,0.0,7,8
15,8,10,0.0,8,0.0,7,9
15,8,11,0.0,8,0.0,7,10
16,1,1,0.0,8,0.0,0,0
16,1,2,0.0,8,0.0,0,1
16,1,3,0.0,8,0.0,0,2
16,1,4,0.0,8,0.0,0,3
16,1,5,0.0,8,0.0,0,4
16,1,6,0.0,8,0.0,0,5
16,1,7,0.0,8,0.0,0,6
16,1,8,0.0,8,0.0,0,7
16,1,9,0.0,8,0.0,0,8
16,1,10,0.0,8,0.0,0,9
16,1,11,0.0,8,0.0,0,10
16,2,1,0.0,8,0.0,1,0
16,2,2,0.0,8,0.0,1,1
16,2,3,0.0,8,0.0,1,2
16,2,4,0.0,8,0.0,1,3
16,2,5,0.0,8,0.0,1,4
16,2,6,0.0,8,0.0,1,5
16,2,7,0.0,8,0.0,1,6
16,2,8,0.0,8,0.0,1,7
16,2,9,0.0,8,0.0,1,8
16,2,10,0.0,8,0.0,1,9
16,2,11,0.0,8,0.0,1,10
16,3,1,0.0,8,0.0,2,0
16,3,2,0.0,8,0.0,2,1
16,3,3,0.0,8,0.0,2,2
16,3,4,0.0,8,0.0,2,3
16,3,5,0.0,8,0.0,2,4
16,3,6,0.0,8,0.0,2,5
16,3,7,0.0,8,0.0,2,6
16,3,8,0.0,8,0.0,2,7
16,3,9,0.0,8,0.0,2,8
16,3,10,0.0,8,0.0,2,9
16,3,11,0.0,8,0.0,2,10
16,4,1,0.0,8,0.0,3,0
16,4,2,0.0,8,0.0,3,1
16,4,3,0.0,8,0.0,3,2
16,4,4,0.0,8,0.0,3,3
16,4,5,0.0,8,0.0,3,4
16,4,6,0.0,8,0.0,3,5
16,4,7,0.0,8,0.0,3,6
16,4,8,0.0,8,0.0,3,7
16,4,9,0.0,8,0.0,3,8
16,4,10,0.0,8,0.0,3,9
16,4,11,0.0,8,0.0,3,10
16,5,1,0.0,8,0.0,4,0
16,5,2,0.0,8,0.0,4,1
16,5,3,0.0,8,0.0,4,2
16,5,4,0.0,8,0.0,4,3
16,5,5,0.0,8,0.0,4,4
16,5,6,0.0,8,0.0,4,5
16,5,7,0.0,8,0.0,4,6
16,5,8,0.0,8,0.0,4,7
16,5,9,0.0,8,0.0,4,8
16,5,10,0.0,8,0.0,4,9
16,5,11,0.0,8,0.0,4,10
16,6,1,0.0,8,0.0,5,0
16,6,2,0.0,8,0.0,5,1
16,6,3,0.0,8,0.0,5,2
16,6,4,0.0,8,0.0,5,3
16,6,5,0.0,8,0.0,5,4
16,6,6,0.0,8,0.0,5,5
16,6,7,0.0,8,0.0,5,6
16,6,8,0.0,8,0.0,5,7
16,6,9,0.0,8,0.0,5,8
16,6,10,0.0,8,0.0,5,9
16,6,11,0.0,8,0.0,5,10
16,7,1,0.0,8,0.0,6,0
16,7,2,0.0,8,0.0,6,1
16,7,3,0.0,8,0.0,6,2
16,7,4,0.0,8,0.0,6,3
16,7,5,0.0,8,0.0,6,4
16,7,6,0.0,8,0.0,6,5
16,7,7,0.0,8,0.0,6,6
16,7,8,0.0,8,0.0,6,7
16,7,9,0.0,8,0.0,6,8
16,7,10,0.0,8,0.0,6,9
16,7,11,0.0,8,0.0,6,10
16,8,1,0.0,8,0.0,7,0
16,8,2,0.0,8,0.0,7,1
16,8,3,0.0,8,0.0,7,2
16,8,4,0.0,8,0.0,7,3
16,8,5,0.0,8,0.0,7,4
16,8,6,0.0,8,0.0,7,5
16,8,7,0.0,8,0.0,7,6
16,8,8,0.0,8,0.0,7,7
16,8,9,0.0,8,0.0,7,8
16,8,10,0.0,8,0.0,7,9
16,8,11,0.0,8,0.0,7,10
17,1,1,69476.94,8,763.0778177750484,0,0
17,1,2,103291.952,8,653.3038024218288,0,1
17,1,3,100848.55,8,463.7675810569881,0,2
17,1,4,73195.3,8,338.35663151101386,0,3
17,1,5,68677.13,8,324.1620206485485,0,4
17,1,6,10758.715,8,113.63734628325321,0,5
17,1,7,0.0,8,0.0,0,6
17,1,8,0.0,8,0.0,0,7
17,1,9,0.0,8,0.0,0,8
17,1,10,0.0,8,0.0,0,9
17,1,11,0.0,8,0.0,0,10
17,2,1,133224.43232,8,953.424022579652,1,0
17,2,2,186541.49000000002,8,716.7191846840992,1,1
17,2,3,256321.8,8,667.6460161374439,1,2
17,2,4,218117.23,8,636.5286572288006,1,3
17,2,5,312157.73,8,747.729166662636,1,4
17,2,6,176805.75,8,472.5616952113237,1,5
17,2,7,86828.58,8,323.74286682042896,1,6
17,2,8,45579.68,8,228.58491459505808,1,7
17,2,9,9587.554,8,101.83332865673202,1,8
17,2,10,1036.584,8,33.350764632513304,1,9
17,2,11,0.0,8,0.0,1,10
17,3,1,103478.31999999999,8,501.1888336292919,2,0
17,3,2,133533.8205,8,509.46588092926066,2,1
17,3,3,148326.77,8,528.2654235956107,2,2
17,3,4,146195.91,8,451.37558963223745,2,3
17,3,5,244818.72,8,579.8410489308686,2,4
17,3,6,168176.68,8,451.9799585736075,2,5
17,3,7,111494.18000000001,8,363.68155178756314,2,6
17,3,8,95815.89,8,331.80235927922513,2,7
17,3,9,46448.99,8,226.00086418892295,2,8
17,3,10,24231.992,8,161.03720131714908,2,9
17,3,11,7938.816,8,91.6981333511757,2,10
17,4,1,65641.19,8,351.15587617192165,3,0
17,4,2,73540.809,8,337.2419315792596,3,1
17,4,3,75002.027,8,319.1596151141709,3,2
17,4,4,76897.6961,8,309.9164367805071,3,3
17,4,5,145582.002,8,444.63582293848077,3,4
17,4,6,111590.319,8,360.01747864914836,3,5
17,4,7,79539.48300000001,8,306.67548342989534,3,6
17,4,8,74969.39,8,288.734160335749,3,7
17,4,9,41429.01,8,212.2479635748951,3,8
17,4,10,27069.09,8,170.50692245199315,3,9
17,4,11,17355.859,8,134.99476227387493,3,10
17,5,1,44820.029,8,258.5987360197648,4,0
17,5,2,43707.589,8,237.0169066143806,4,1
17,5,3,40738.2117,8,222.72704559338004,4,2
17,5,4,40250.952,8,215.66535612953695,4,3
17,5,5,79098.66519999999,8,305.0816201318139,4,4
17,5,6,66384.108,8,271.3092323270517,4,5
17,5,7,50566.015100000004,8,238.46629843636376,4,6
17,5,8,49665.526,8,233.2485011773709,4,7
17,5,9,28539.523999999998,8,174.8065048706712,4,8
17,5,10,20330.99,8,146.71726249208032,4,9
17,5,11,13795.679,8,119.99798962561832,4,10
17,6,1,29408.512,8,191.0943692423458,5,0
17,6,2,25251.5919,8,173.53922781383062,5,1
17,6,3,22823.9278,8,160.50466168345548,5,2
17,6,4,20430.3035,8,149.22657994635674,5,3
17,6,5,38389.561,8,216.91225173440526,5,4
17,6,6,34036.253000000004,8,191.12500842281213,5,5
17,6,7,27217.566,8,173.54083108205398,5,6
17,6,8,28757.2415,8,175.48925569482623,5,7
17,6,9,16643.4,8,132.357381296511,5,8
17,6,10,11388.908000000001,8,109.26667509767103,5,9
17,6,11,7469.061,8,88.29197317814344,5,10
17,7,1,15239.473,8,132.5179240647468,6,0
17,7,2,11948.1007,8,117.80843183418112,6,1
17,7,3,10467.76,8,106.16047486941645,6,2
17,7,4,8881.7406,8,97.83849322688948,6,3
17,7,5,15225.0275,8,130.90585715974245,6,4
17,7,6,12564.993999999999,8,115.48152360542356,6,5
17,7,7,10150.183,8,103.7126915687275,6,6
17,7,8,10223.49,8,123.33709223530447,6,7
17,7,9,5551.566,8,76.3777149762285,6,8
17,7,10,3372.214,8,59.60776201485927,6,9
17,7,11,1467.7728,8,39.199839505548994,6,10
17,8,1,2768.373,8,55.51571457058983,7,0
17,8,2,2149.252,8,48.72953885981274,7,1
17,8,3,1735.8740000000003,8,43.30031919616759,7,2
17,8,4,1424.6770000000001,8,38.89516051245965,7,3
17,8,5,2068.3691000000003,8,46.98632070519249,7,4
17,8,6,1347.5921,8,38.361162330539464,7,5
17,8,7,773.14756,8,28.906205715586403,7,6
17,8,8,398.0902,8,20.7389785704552,7,7
17,8,9,68.2414,8,8.607070591194196,7,8
17,8,10,0.0,8,0.0,7,9
17,8,11,0.0,8,0.0,7,10
18,1,1,0.0,8,0.0,0,0
18,1,2,0.0,8,0.0,0,1
18,1,3,0.0,8,0.0,0,2
18,1,4,0.0,8,0.0,0,3
18,1,5,0.0,8,0.0,0,4
18,1,6,0.0,8,0.0,0,5
18,1,7,0.0,8,0.0,0,6
18,1,8,0.0,8,0.0,0,7
18,1,9,0.0,8,0.0,0,8
18,1,10,0.0,8,0.0,0,9
18,1,11,0.0,8,0.0,0,10
18,2,1,32034.944,8,394.5533651530678,1,0
18,2,2,18115.396,8,198.851430586858,1,1
18,2,3,14048.166,8,137.79753080041021,1,2
18,2,4,8719.668000000001,8,104.4267135362882,1,3
18,2,5,8305.996000000001,8,99.99357943023142,1,4
18,2,6,2335.5303,8,50.60397662761001,1,5
18,2,7,253.4601,8,16.925661323265924,1,6
18,2,8,0.0,8,0.0,1,7
18,2,9,0.0,8,0.0,1,8
18,2,10,0.0,8,0.0,1,9
18,2,11,0.0,8,0.0,1,10
18,3,1,76304.75,8,465.3953769202698,2,0
18,3,2,49547.432,8,292.73961239036305,2,1
18,3,3,35990.487,8,222.386175481301,2,2
18,3,4,30582.51,8,190.38816076148223,2,3
18,3,5,37065.54,8,207.68680615782986,2,4
18,3,6,15153.332,8,129.65852858308241,2,5
18,3,7,6709.941,8,84.57635196477796,2,6
18,3,8,3322.2296,8,60.65552530413037,2,7
18,3,9,477.46299999999997,8,22.5242016895161,2,8
18,3,10,0.0,8,0.0,2,9
18,3,11,0.0,8,0.0,2,10
18,4,1,79160.75,8,374.09292619974786,3,0
18,4,2,55547.28,8,280.332314424702,3,1
18,4,3,35253.613,8,207.18880655580793,3,2
18,4,4,30717.917999999998,8,187.6372353195655,3,3
18,4,5,47869.21,8,231.60070172050428,3,4
18,4,6,26102.134,8,167.64734111109547,3,5
18,4,7,11877.649,8,112.32942983483892,3,6
18,4,8,7280.6051,8,88.04727689419417,3,7
18,4,9,2270.312,8,48.84149572423023,3,8
18,4,10,566.6771,8,24.72324142704795,3,9
18,4,11,0.0,8,0.0,3,10
18,5,1,68305.66,8,303.7485235476545,4,0
18,5,2,38969.869999999995,8,215.1640844748491,4,1
18,5,3,27132.855,8,175.79905175765313,4,2
18,5,4,20512.39,8,150.4681955594271,4,3
18,5,5,33682.604,8,191.11717221445593,4,4
18,5,6,22557.194,8,154.42683962433475,4,5
18,5,7,11793.892,8,111.84324365552888,4,6
18,5,8,7117.091,8,86.61454153310517,4,7
18,5,9,2039.161,8,46.46076048463908,4,8
18,5,10,447.6465,8,22.122480406297118,4,9
18,5,11,0.0,8,0.0,4,10
18,6,1,44472.03,8,227.46685822835818,5,0
18,6,2,21039.352,8,152.8445507699244,5,1
18,6,3,14065.978,8,123.76406174241373,5,2
18,6,4,9842.386,8,102.35386480841845,5,3
18,6,5,14308.1722,8,123.26925929474226,5,4
18,6,6,9484.5298,8,99.82771034561947,5,5
18,6,7,5024.0074,8,72.44310351027211,5,6
18,6,8,2541.19606,8,51.5548326567898,5,7
18,6,9,360.2175,8,19.86601918970935,5,8
18,6,10,0.0,8,0.0,5,9
18,6,11,0.0,8,0.0,5,10
18,7,1,12924.701000000001,8,118.42182763654681,6,0
18,7,2,5168.72,8,74.24100992445146,6,1
18,7,3,2547.837,8,51.72856356801337,6,2
18,7,4,1624.089,8,41.31397577055493,6,3
18,7,5,1699.548,8,42.22405778238278,6,4
18,7,6,597.3861999999999,8,24.845633901510745,6,5
18,7,7,53.0629,8,7.6111497549450435,6,6
18,7,8,0.0,8,0.0,6,7
18,7,9,0.0,8,0.0,6,8
18,7,10,0.0,8,0.0,6,9
18,7,11,0.0,8,0.0,6,10
18,8,1,0.0,8,0.0,7,0
18,8,2,0.0,8,0.0,7,1
18,8,3,0.0,8,0.0,7,2
18,8,4,0.0,8,0.0,7,3
18,8,5,0.0,8,0.0,7,4
18,8,6,0.0,8,0.0,7,5
18,8,7,0.0,8,0.0,7,6
18,8,8,0.0,8,0.0,7,7
18,8,9,0.0,8,0.0,7,8
18,8,10,0.0,8,0.0,7,9
18,8,11,0.0,8,0.0,7,10
19,1,1,0.0,8,0.0,0,0
19,1,2,0.0,8,0.0,0,1
19,1,3,0.0,8,0.0,0,2
19,1,4,0.0,8,0.0,0,3
19,1,5,0.0,8,0.0,0,4
19,1,6,0.0,8,0.0,0,5
19,1,7,0.0,8,0.0,0,6
19,1,8,0.0,8,0.0,0,7
19,1,9,0.0,8,0.0,0,8
19,1,10,0.0,8,0.0,0,9
19,1,11,0.0,8,0.0,0,10
19,2,1,0.0,8,0.0,1,0
19,2,2,0.0,8,0.0,1,1
19,2,3,0.0,8,0.0,1,2
19,2,4,0.0,8,0.0,1,3
19,2,5,0.0,8,0.0,1,4
19,2,6,0.0,8,0.0,1,5
19,2,7,0.0,8,0.0,1,6
19,2,8,0.0,8,0.0,1,7
19,2,9,0.0,8,0.0,1,8
19,2,10,0.0,8,0.0,1,9
19,2,11,0.0,8,0.0,1,10
19,3,1,3997.794,8,88.24422136463102,2,0
19,3,2,1817.134,8,49.9474310956029,2,1
19,3,3,748.6768000000001,8,29.871123490126713,2,2
19,3,4,599.3769,8,25.671569027936332,2,3
19,3,5,577.3216,8,25.349912216218815,2,4
19,3,6,30.094700000000003,8,5.996315144103084,2,5
19,3,7,0.0,8,0.0,2,6
19,3,8,0.0,8,0.0,2,7
19,3,9,0.0,8,0.0,2,8
19,3,10,0.0,8,0.0,2,9
19,3,11,0.0,8,0.0,2,10
19,4,1,11180.109999999999,8,139.09563426046125,3,0
19,4,2,5049.276,8,80.06158555549597,3,1
19,4,3,2037.939,8,48.63689532967745,3,2
19,4,4,1379.9695000000002,8,38.84593163702088,3,3
19,4,5,1627.7486,8,41.9354079174449,3,4
19,4,6,236.02040000000002,8,16.33608809259426,3,5
19,4,7,0.0,8,0.0,3,6
19,4,8,0.0,8,0.0,3,7
19,4,9,0.0,8,0.0,3,8
19,4,10,0.0,8,0.0,3,9
19,4,11,0.0,8,0.0,3,10
19,5,1,11573.191,8,125.91794276444482,4,0
19,5,2,3470.247,8,64.03762312242702,4,1
19,5,3,1503.4296,8,40.8227195762078,4,2
19,5,4,559.8824,8,25.56998177010105,4,3
19,5,5,462.47650000000004,8,22.424787117986206,4,4
19,5,6,0.0,8,0.0,4,5
19,5,7,0.0,8,0.0,4,6
19,5,8,0.0,8,0.0,4,7
19,5,9,0.0,8,0.0,4,8
19,5,10,0.0,8,0.0,4,9
19,5,11,0.0,8,0.0,4,10
19,6,1,2835.826,8,57.59003176375231,5,0
19,6,2,555.5265,8,24.815944411968285,5,1
19,6,3,38.8922,8,7.162889867211417,5,2
19,6,4,0.0,8,0.0,5,3
19,6,5,0.0,8,0.0,5,4
19,6,6,0.0,8,0.0,5,5
19,6,7,0.0,8,0.0,5,6
19,6,8,0.0,8,0.0,5,7
19,6,9,0.0,8,0.0,5,8
19,6,10,0.0,8,0.0,5,9
19,6,11,0.0,8,0.0,5,10
19,7,1,0.0,8,0.0,6,0
19,7,2,0.0,8,0.0,6,1
19,7,3,0.0,8,0.0,6,2
19,7,4,0.0,8,0.0,6,3
19,7,5,0.0,8,0.0,6,4
19,7,6,0.0,8,0.0,6,5
19,7,7,0.0,8,0.0,6,6
19,7,8,0.0,8,0.0,6,7
19,7,9,0.0,8,0.0,6,8
19,7,10,0.0,8,0.0,6,9
19,7,11,0.0,8,0.0,6,10
19,8,1,0.0,8,0.0,7,0
19,8,2,0.0,8,0.0,7,1
19,8,3,0.0,8,0.0,7,2
19,8,4,0.0,8,0.0,7,3
19,8,5,0.0,8,0.0,7,4
19,8,6,0.0,8,0.0,7,5
19,8,7,0.0,8,0.0,7,6
19,8,8,0.0,8,0.0,7,7
19,8,9,0.0,8,0.0,7,8
19,8,10,0.0,8,0.0,7,9
19,8,11,0.0,8,0.0,7,10
