# ix,iz,iPt,ratio_corr
2,1,1,0.00111045
2,1,2,0.00288669
2,1,3,0.00546903
2,1,4,0.00683863
2,1,5,0.00625261
2,1,6,0.002097
2,1,7,0
2,1,8,0
2,1,9,0
2,1,10,0
2,1,11,0
2,2,1,0.0136321
2,2,2,0.0322276
2,2,3,0.0462617
2,2,4,0.0555767
2,2,5,0.0642444
2,2,6,0.0674105
2,2,7,0.0578643
2,2,8,0.0393106
2,2,9,0.0179485
2,2,10,0.00209297
2,2,11,0
2,3,1,0.0148455
2,3,2,0.0289682
2,3,3,0.0424745
2,3,4,0.0549168
2,3,5,0.0695275
2,3,6,0.0856137
2,3,7,0.0987523
2,3,8,0.109041
2,3,9,0.114284
2,3,10,0.100551
2,3,11,0.051858
2,4,1,0.0133296
2,4,2,0.0258983
2,4,3,0.0373596
2,4,4,0.0466642
2,4,5,0.0627122
2,4,6,0.0790343
2,4,7,0.0924281
2,4,8,0.107179
2,4,9,0.122742
2,4,10,0.132641
2,4,11,0.141789
2,5,1,0.0152043
2,5,2,0.0266049
2,5,3,0.0349686
2,5,4,0.0428478
2,5,5,0.0556776
2,5,6,0.0716737
2,5,7,0.0838928
2,5,8,0.0983628
2,5,9,0.111414
2,5,10,0.124369
2,5,11,0.147165
2,6,1,0.0178556
2,6,2,0.0281474
2,6,3,0.0346137
2,6,4,0.0407045
2,6,5,0.0509049
2,6,6,0.0633116
2,6,7,0.0759089
2,6,8,0.0895008
2,6,9,0.102025
2,6,10,0.116698
2,6,11,0.137111
2,7,1,0.0205752
2,7,2,0.031197
2,7,3,0.035646
2,7,4,0.0405851
2,7,5,0.0488159
2,7,6,0.0609769
2,7,7,0.0748935
2,7,8,0.0872521
2,7,9,0.0969307
2,7,10,0.106236
2,7,11,0.11712
2,8,1,0.0211319
2,8,2,0.0312883
2,8,3,0.0380771
2,8,4,0.0389966
2,8,5,0.0460121
2,8,6,0.0552244
2,8,7,0.0561967
2,8,8,0.0611557
2,8,9,0.016689
2,8,10,0
2,8,11,0
3,1,1,0.000656919
3,1,2,0.00164807
3,1,3,0.00255535
3,1,4,0.00283527
3,1,5,0.00209301
3,1,6,0.000195323
3,1,7,0
3,1,8,0
3,1,9,0
3,1,10,0
3,1,11,0
3,2,1,0.0188619
3,2,2,0.0291097
3,2,3,0.039052
3,2,4,0.0430525
3,2,5,0.0434325
3,2,6,0.037394
3,2,7,0.0259299
3,2,8,0.0133474
3,2,9,0.00255143
3,2,10,0
3,2,11,0
3,3,1,0.0278419
3,3,2,0.0359698
3,3,3,0.0467833
3,3,4,0.0572404
3,3,5,0.0683725
3,3,6,0.0753328
3,3,7,0.0777062
3,3,8,0.0780468
3,3,9,0.0652672
3,3,10,0.0437428
3,3,11,0.0158365
3,4,1,0.030295
3,4,2,0.0378089
3,4,3,0.0453609
3,4,4,0.0532036
3,4,5,0.0675012
3,4,6,0.0792687
3,4,7,0.0878955
3,4,8,0.0952686
3,4,9,0.0998197
3,4,10,0.101516
3,4,11,0.0945362
3,5,1,0.0378294
3,5,2,0.0400689
3,5,3,0.0441014
3,5,4,0.05011
3,5,5,0.0630369
3,5,6,0.0761079
3,5,7,0.0859768
3,5,8,0.0946404
3,5,9,0.10221
3,5,10,0.111816
3,5,11,0.132891
3,6,1,0.0459208
3,6,2,0.044595
3,6,3,0.0460114
3,6,4,0.048372
3,6,5,0.0568408
3,6,6,0.0697798
3,6,7,0.0812452
3,6,8,0.0945033
3,6,9,0.104924
3,6,10,0.115698
3,6,11,0.136165
3,7,1,0.0560574
3,7,2,0.0509843
3,7,3,0.0496005
3,7,4,0.0510431
3,7,5,0.0574539
3,7,6,0.0701842
3,7,7,0.0816545
3,7,8,0.0940622
3,7,9,0.101301
3,7,10,0.105467
3,7,11,0.0541842
3,8,1,0.0563072
3,8,2,0.0550707
3,8,3,0.0496833
3,8,4,0.0477697
3,8,5,0.0514848
3,8,6,0.0468006
3,8,7,0.0223782
3,8,8,0
3,8,9,0
3,8,10,0
3,8,11,0
4,1,1,0.000202786
4,1,2,0.000426189
4,1,3,0.000548376
4,1,4,0.000511619
4,1,5,0.000226047
4,1,6,0
4,1,7,0
4,1,8,0
4,1,9,0
4,1,10,0
4,1,11,0
4,2,1,0.0190743
4,2,2,0.0212664
4,2,3,0.0258279
4,2,4,0.0251942
4,2,5,0.0211453
4,2,6,0.0139347
4,2,7,0.00705178
4,2,8,0.00162473
4,2,9,0
4,2,10,0
4,2,11,0
4,3,1,0.0358911
4,3,2,0.0385709
4,3,3,0.0440501
4,3,4,0.0520644
4,3,5,0.0566086
4,3,6,0.0526041
4,3,7,0.0470906
4,3,8,0.0395415
4,3,9,0.0255172
4,3,10,0.0121547
4,3,11,0.000363047
4,4,1,0.0464189
4,4,2,0.0456944
4,4,3,0.0475188
4,4,4,0.0536874
4,4,5,0.0672019
4,4,6,0.0745282
4,4,7,0.0742493
4,4,8,0.0714482
4,4,9,0.0662859
4,4,10,0.063541
4,4,11,0.0619142
4,5,1,0.0616903
4,5,2,0.049672
4,5,3,0.04848
4,5,4,0.0520746
4,5,5,0.0640755
4,5,6,0.07642
4,5,7,0.0827082
4,5,8,0.0869978
4,5,9,0.0891234
4,5,10,0.0968424
4,5,11,0.109412
4,6,1,0.0782881
4,6,2,0.0558161
4,6,3,0.0506869
4,6,4,0.0504729
4,6,5,0.0587488
4,6,6,0.0727763
4,6,7,0.0862566
4,6,8,0.0996784
4,6,9,0.107843
4,6,10,0.115503
4,6,11,0.0919386
4,7,1,0.098992
4,7,2,0.0708749
4,7,3,0.0595548
4,7,4,0.0563836
4,7,5,0.0635806
4,7,6,0.0736109
4,7,7,0.0862549
4,7,8,0.0920214
4,7,9,0.0781947
4,7,10,0
4,7,11,0
4,8,1,0.0869353
4,8,2,0.0626962
4,8,3,0.0517147
4,8,4,0.0488572
4,8,5,0.0266744
4,8,6,0
4,8,7,0
4,8,8,0
4,8,9,0
4,8,10,0
4,8,11,0
5,1,1,2.02612e-05
5,1,2,2.22515e-05
5,1,3,2.09093e-05
5,1,4,2.15806e-05
5,1,5,0
5,1,6,0
5,1,7,0
5,1,8,0
5,1,9,0
5,1,10,0
5,1,11,0
5,2,1,0.0129099
5,2,2,0.01107
5,2,3,0.0117229
5,2,4,0.0107582
5,2,5,0.00785643
5,2,6,0.00392653
5,2,7,0.00121617
5,2,8,0
5,2,9,0
5,2,10,0
5,2,11,0
5,3,1,0.0374158
5,3,2,0.0351499
5,3,3,0.034256
5,3,4,0.0374807
5,3,5,0.0361328
5,3,6,0.0286609
5,3,7,0.023461
5,3,8,0.0172681
5,3,9,0.00951297
5,3,10,0.0016532
5,3,11,0
5,4,1,0.0558062
5,4,2,0.0488736
5,4,3,0.0459727
5,4,4,0.0487708
5,4,5,0.055001
5,4,6,0.0549595
5,4,7,0.0503131
5,4,8,0.0456847
5,4,9,0.0433809
5,4,10,0.0465188
5,4,11,0.0238958
5,5,1,0.0770849
5,5,2,0.0536238
5,5,3,0.0497062
5,5,4,0.0508831
5,5,5,0.0592279
5,5,6,0.0700597
5,5,7,0.0727813
5,5,8,0.0738447
5,5,9,0.0757479
5,5,10,0.0734029
5,5,11,0.0055614
5,6,1,0.100003
5,6,2,0.0659984
5,6,3,0.0557502
5,6,4,0.05454
5,6,5,0.0611045
5,6,6,0.0767981
5,6,7,0.0921721
5,6,8,0.100283
5,6,9,0.0977039
5,6,10,0.00964577
5,6,11,0
5,7,1,0.132338
5,7,2,0.086329
5,7,3,0.0675078
5,7,4,0.0600932
5,7,5,0.0653899
5,7,6,0.0722728
5,7,7,0.0636497
5,7,8,0.0105809
5,7,9,0
5,7,10,0
5,7,11,0
5,8,1,0.0447686
5,8,2,0
5,8,3,0
5,8,4,0
5,8,5,0
5,8,6,0
5,8,7,0
5,8,8,0
5,8,9,0
5,8,10,0
5,8,11,0
6,1,1,0
6,1,2,0
6,1,3,0
6,1,4,0
6,1,5,0
6,1,6,0
6,1,7,0
6,1,8,0
6,1,9,0
6,1,10,0
6,1,11,0
6,2,1,0.00437078
6,2,2,0.00276223
6,2,3,0.00270529
6,2,4,0.00250016
6,2,5,0.0017703
6,2,6,0.000581424
6,2,7,0
6,2,8,0
6,2,9,0
6,2,10,0
6,2,11,0
6,3,1,0.0289227
6,3,2,0.0217447
6,3,3,0.0163457
6,3,4,0.0177095
6,3,5,0.0170973
6,3,6,0.0128524
6,3,7,0.00959235
6,3,8,0.00699631
6,3,9,0.000636996
6,3,10,0
6,3,11,0
6,4,1,0.053952
6,4,2,0.0414051
6,4,3,0.0325018
6,4,4,0.0296435
6,4,5,0.0335663
6,4,6,0.0348688
6,4,7,0.0320087
6,4,8,0.0311024
6,4,9,0.0284279
6,4,10,0
6,4,11,0
6,5,1,0.0819261
6,5,2,0.0532085
6,5,3,0.0461676
6,5,4,0.0416597
6,5,5,0.0455861
6,5,6,0.0539919
6,5,7,0.0572407
6,5,8,0.0561306
6,5,9,0.0359648
6,5,10,0
6,5,11,0
6,6,1,0.11603
6,6,2,0.0727077
6,6,3,0.0586444
6,6,4,0.054351
6,6,5,0.059472
6,6,6,0.0742054
6,6,7,0.081952
6,6,8,0.0711551
6,6,9,0
6,6,10,0
6,6,11,0
6,7,1,0.147405
6,7,2,0.0937249
6,7,3,0.0650916
6,7,4,0.0475368
6,7,5,0.0484549
6,7,6,0
6,7,7,0
6,7,8,0
6,7,9,0
6,7,10,0
6,7,11,0
6,8,1,0
6,8,2,0
6,8,3,0
6,8,4,0
6,8,5,0
6,8,6,0
6,8,7,0
6,8,8,0
6,8,9,0
6,8,10,0
6,8,11,0
7,1,1,0
7,1,2,0
7,1,3,0
7,1,4,0
7,1,5,0
7,1,6,0
7,1,7,0
7,1,8,0
7,1,9,0
7,1,10,0
7,1,11,0
7,2,1,0.000471483
7,2,2,0.000187117
7,2,3,0.000183219
7,2,4,0.000234901
7,2,5,0.000132972
7,2,6,0
7,2,7,0
7,2,8,0
7,2,9,0
7,2,10,0
7,2,11,0
7,3,1,0.0141928
7,3,2,0.00874084
7,3,3,0.00575074
7,3,4,0.00672868
7,3,5,0.00723227
7,3,6,0.00583042
7,3,7,0.00213001
7,3,8,0
7,3,9,0
7,3,10,0
7,3,11,0
7,4,1,0.0401567
7,4,2,0.0240272
7,4,3,0.0159997
7,4,4,0.0152596
7,4,5,0.0211322
7,4,6,0.0247345
7,4,7,0.0163454
7,4,8,0
7,4,9,0
7,4,10,0
7,4,11,0
7,5,1,0.0728571
7,5,2,0.0417659
7,5,3,0.0306659
7,5,4,0.0253804
7,5,5,0.0281176
7,5,6,0.032225
7,5,7,0
7,5,8,0
7,5,9,0
7,5,10,0
7,5,11,0
7,6,1,0.119418
7,6,2,0.0740791
7,6,3,0.0497845
7,6,4,0.0339832
7,6,5,0.0111068
7,6,6,0
7,6,7,0
7,6,8,0
7,6,9,0
7,6,10,0
7,6,11,0
7,7,1,0
7,7,2,0
7,7,3,0
7,7,4,0
7,7,5,0
7,7,6,0
7,7,7,0
7,7,8,0
7,7,9,0
7,7,10,0
7,7,11,0
7,8,1,0
7,8,2,0
7,8,3,0
7,8,4,0
7,8,5,0
7,8,6,0
7,8,7,0
7,8,8,0
7,8,9,0
7,8,10,0
7,8,11,0
8,1,1,0
8,1,2,0
8,1,3,0
8,1,4,0
8,1,5,0
8,1,6,0
8,1,7,0
8,1,8,0
8,1,9,0
8,1,10,0
8,1,11,0
8,2,1,0
8,2,2,0
8,2,3,0
8,2,4,0
8,2,5,0
8,2,6,0
8,2,7,0
8,2,8,0
8,2,9,0
8,2,10,0
8,2,11,0
8,3,1,0.00593462
8,3,2,0.00388025
8,3,3,0.00197643
8,3,4,0.00232582
8,3,5,0.00318862
8,3,6,0
8,3,7,0
8,3,8,0
8,3,9,0
8,3,10,0
8,3,11,0
8,4,1,0.0255426
8,4,2,0.013462
8,4,3,0.0108218
8,4,4,0.00953368
8,4,5,0.0121619
8,4,6,0
8,4,7,0
8,4,8,0
8,4,9,0
8,4,10,0
8,4,11,0
8,5,1,0.0585583
8,5,2,0.0232467
8,5,3,0.0148009
8,5,4,0.00891171
8,5,5,0
8,5,6,0
8,5,7,0
8,5,8,0
8,5,9,0
8,5,10,0
8,5,11,0
8,6,1,0.0686952
8,6,2,0
8,6,3,0
8,6,4,0
8,6,5,0
8,6,6,0
8,6,7,0
8,6,8,0
8,6,9,0
8,6,10,0
8,6,11,0
8,7,1,0
8,7,2,0
8,7,3,0
8,7,4,0
8,7,5,0
8,7,6,0
8,7,7,0
8,7,8,0
8,7,9,0
8,7,10,0
8,7,11,0
8,8,1,0
8,8,2,0
8,8,3,0
8,8,4,0
8,8,5,0
8,8,6,0
8,8,7,0
8,8,8,0
8,8,9,0
8,8,10,0
8,8,11,0
9,1,1,0.00137006
9,1,2,0.00361123
9,1,3,0.00610077
9,1,4,0.00705916
9,1,5,0.00562198
9,1,6,0.00117012
9,1,7,0
9,1,8,0
9,1,9,0
9,1,10,0
9,1,11,0
9,2,1,0.01944
9,2,2,0.0375908
9,2,3,0.052346
9,2,4,0.0619775
9,2,5,0.0689916
9,2,6,0.0675152
9,2,7,0.0534049
9,2,8,0.0326259
9,2,9,0.0114164
9,2,10,0.000146052
9,2,11,0
9,3,1,0.0236725
9,3,2,0.0387286
9,3,3,0.0516384
9,3,4,0.0641005
9,3,5,0.0794769
9,3,6,0.0945239
9,3,7,0.106152
9,3,8,0.114232
9,3,9,0.112651
9,3,10,0.0883476
9,3,11,0.039369
9,4,1,0.0243581
9,4,2,0.0375388
9,4,3,0.0483644
9,4,4,0.0576939
9,4,5,0.0730662
9,4,6,0.0895328
9,4,7,0.102651
9,4,8,0.115011
9,4,9,0.128086
9,4,10,0.136726
9,4,11,0.142983
9,5,1,0.0300531
9,5,2,0.0401651
9,5,3,0.0477404
9,5,4,0.056137
9,5,5,0.0679849
9,5,6,0.0844178
9,5,7,0.0966487
9,5,8,0.108838
9,5,9,0.120225
9,5,10,0.133049
9,5,11,0.153272
9,6,1,0.0368439
9,6,2,0.0438965
9,6,3,0.048432
9,6,4,0.053804
9,6,5,0.0646518
9,6,6,0.0768746
9,6,7,0.0883037
9,6,8,0.101106
9,6,9,0.113382
9,6,10,0.132007
9,6,11,0.144162
9,7,1,0.044114
9,7,2,0.049295
9,7,3,0.0520902
9,7,4,0.0558243
9,7,5,0.064822
9,7,6,0.0746476
9,7,7,0.0854465
9,7,8,0.0999459
9,7,9,0.106308
9,7,10,0.114567
9,7,11,0.100089
9,8,1,0.0432262
9,8,2,0.0501847
9,8,3,0.0495648
9,8,4,0.0491459
9,8,5,0.0549485
9,8,6,0.0606231
9,8,7,0.0491411
9,8,8,0.0131466
9,8,9,0
9,8,10,0
9,8,11,0
10,1,1,0.00087416
10,1,2,0.0020269
10,1,3,0.00311935
10,1,4,0.00322665
10,1,5,0.00195399
10,1,6,5.43704e-05
10,1,7,0
10,1,8,0
10,1,9,0
10,1,10,0
10,1,11,0
10,2,1,0.0218811
10,2,2,0.0351647
10,2,3,0.0442396
10,2,4,0.0483638
10,2,5,0.0473011
10,2,6,0.0374039
10,2,7,0.0239485
10,2,8,0.0106604
10,2,9,0.00131915
10,2,10,0
10,2,11,0
10,3,1,0.0367955
10,3,2,0.0478085
10,3,3,0.0568733
10,3,4,0.0674841
10,3,5,0.0789904
10,3,6,0.0836393
10,3,7,0.0842745
10,3,8,0.080325
10,3,9,0.0631419
10,3,10,0.03983
10,3,11,0.0140624
10,4,1,0.0485614
10,4,2,0.0531985
10,4,3,0.0590055
10,4,4,0.0669229
10,4,5,0.0807193
10,4,6,0.094176
10,4,7,0.101746
10,4,8,0.105883
10,4,9,0.105783
10,4,10,0.108049
10,4,11,0.107276
10,5,1,0.0631401
10,5,2,0.0576038
10,5,3,0.0600278
10,5,4,0.064187
10,5,5,0.0770851
10,5,6,0.0910012
10,5,7,0.101859
10,5,8,0.111229
10,5,9,0.117316
10,5,10,0.127948
10,5,11,0.143787
10,6,1,0.0773991
10,6,2,0.0668127
10,6,3,0.0626701
10,6,4,0.0647285
10,6,5,0.0728868
10,6,6,0.0849315
10,6,7,0.0975471
10,6,8,0.114024
10,6,9,0.122078
10,6,10,0.137734
10,6,11,0.137641
10,7,1,0.0922477
10,7,2,0.0783896
10,7,3,0.0721021
10,7,4,0.0724827
10,7,5,0.0784732
10,7,6,0.0860827
10,7,7,0.0946758
10,7,8,0.104563
10,7,9,0.111187
10,7,10,0.0747824
10,7,11,0
10,8,1,0.08466
10,8,2,0.0622516
10,8,3,0.0615096
10,8,4,0.0477427
10,8,5,0.0532802
10,8,6,0.0227315
10,8,7,0
10,8,8,0
10,8,9,0
10,8,10,0
10,8,11,0
11,1,1,0.000237223
11,1,2,0.000413303
11,1,3,0.000535771
11,1,4,0.000495684
11,1,5,0.00012441
11,1,6,0
11,1,7,0
11,1,8,0
11,1,9,0
11,1,10,0
11,1,11,0
11,2,1,0.0206604
11,2,2,0.0229276
11,2,3,0.0245151
11,2,4,0.0237314
11,2,5,0.0194357
11,2,6,0.0107395
11,2,7,0.00443492
11,2,8,0.000669238
11,2,9,0
11,2,10,0
11,2,11,0
11,3,1,0.0505985
11,3,2,0.0508639
11,3,3,0.0514092
11,3,4,0.0554054
11,3,5,0.057155
11,3,6,0.051729
11,3,7,0.0445218
11,3,8,0.0342811
11,3,9,0.0212294
11,3,10,0.0103326
11,3,11,0
11,4,1,0.0733092
11,4,2,0.062824
11,4,3,0.0631584
11,4,4,0.0665051
11,4,5,0.0744618
11,4,6,0.0790071
11,4,7,0.0775822
11,4,8,0.0728327
11,4,9,0.0710111
11,4,10,0.0723443
11,4,11,0.0694535
11,5,1,0.0990905
11,5,2,0.0727303
11,5,3,0.066878
11,5,4,0.0682186
11,5,5,0.0774589
11,5,6,0.0883407
11,5,7,0.0975666
11,5,8,0.102369
11,5,9,0.105108
11,5,10,0.115929
11,5,11,0.113829
11,6,1,0.120601
11,6,2,0.0894632
11,6,3,0.0757483
11,6,4,0.0723068
11,6,5,0.0791769
11,6,6,0.0916802
11,6,7,0.106
11,6,8,0.11941
11,6,9,0.11723
11,6,10,0.0990985
11,6,11,0
11,7,1,0.146343
11,7,2,0.111907
11,7,3,0.093053
11,7,4,0.0802613
11,7,5,0.0821404
11,7,6,0.0861734
11,7,7,0.0838591
11,7,8,0.0766253
11,7,9,0
11,7,10,0
11,7,11,0
11,8,1,0.0878283
11,8,2,0.0526095
11,8,3,0
11,8,4,0
11,8,5,0
11,8,6,0
11,8,7,0
11,8,8,0
11,8,9,0
11,8,10,0
11,8,11,0
12,1,1,5.85024e-06
12,1,2,3.30479e-06
12,1,3,2.145e-06
12,1,4,0
12,1,5,0
12,1,6,0
12,1,7,0
12,1,8,0
12,1,9,0
12,1,10,0
12,1,11,0
12,2,1,0.0128508
12,2,2,0.00922777
12,2,3,0.00805076
12,2,4,0.0077221
12,2,5,0.00544943
12,2,6,0.00186253
12,2,7,2.22179e-05
12,2,8,0
12,2,9,0
12,2,10,0
12,2,11,0
12,3,1,0.04693
12,3,2,0.0395993
12,3,3,0.0316902
12,3,4,0.0305793
12,3,5,0.0309404
12,3,6,0.0255523
12,3,7,0.0189336
12,3,8,0.0125722
12,3,9,0.0048601
12,3,10,0
12,3,11,0
12,4,1,0.0796651
12,4,2,0.0594344
12,4,3,0.0518525
12,4,4,0.0487661
12,4,5,0.0503299
12,4,6,0.0523639
12,4,7,0.0485068
12,4,8,0.0475738
12,4,9,0.0469526
12,4,10,0.0103473
12,4,11,0
12,5,1,0.110293
12,5,2,0.0767225
12,5,3,0.0652217
12,5,4,0.0625733
12,5,5,0.0653964
12,5,6,0.0711979
12,5,7,0.0762779
12,5,8,0.0780486
12,5,9,0.0538283
12,5,10,0
12,5,11,0
12,6,1,0.144813
12,6,2,0.104538
12,6,3,0.0808139
12,6,4,0.0737301
12,6,5,0.0759622
12,6,6,0.0828264
12,6,7,0.0852947
12,6,8,0.0738782
12,6,9,0
12,6,10,0
12,6,11,0
12,7,1,0.160205
12,7,2,0.117117
12,7,3,0.0796371
12,7,4,0.0665714
12,7,5,0.0425268
12,7,6,0
12,7,7,0
12,7,8,0
12,7,9,0
12,7,10,0
12,7,11,0
12,8,1,0
12,8,2,0
12,8,3,0
12,8,4,0
12,8,5,0
12,8,6,0
12,8,7,0
12,8,8,0
12,8,9,0
12,8,10,0
12,8,11,0
13,1,1,0
13,1,2,0
13,1,3,0
13,1,4,0
13,1,5,0
13,1,6,0
13,1,7,0
13,1,8,0
13,1,9,0
13,1,10,0
13,1,11,0
13,2,1,0.00347527
13,2,2,0.00209291
13,2,3,0.00178222
13,2,4,0.00193645
13,2,5,0.0015665
13,2,6,5.64535e-05
13,2,7,0
13,2,8,0
13,2,9,0
13,2,10,0
13,2,11,0
13,3,1,0.0291851
13,3,2,0.0203135
13,3,3,0.0148206
13,3,4,0.0143261
13,3,5,0.0165586
13,3,6,0.0151273
13,3,7,0.0104928
13,3,8,0.00324685
13,3,9,0
13,3,10,0
13,3,11,0
13,4,1,0.0650799
13,4,2,0.0398619
13,4,3,0.0324909
13,4,4,0.0296089
13,4,5,0.032418
13,4,6,0.0382292
13,4,7,0.0371527
13,4,8,0.0256092
13,4,9,0
13,4,10,0
13,4,11,0
13,5,1,0.104278
13,5,2,0.0706277
13,5,3,0.0524899
13,5,4,0.0464349
13,5,5,0.0481858
13,5,6,0.0486113
13,5,7,0.035012
13,5,8,0
13,5,9,0
13,5,10,0
13,5,11,0
13,6,1,0.142637
13,6,2,0.102698
13,6,3,0.075982
13,6,4,0.0591456
13,6,5,0.0524031
13,6,6,0
13,6,7,0
13,6,8,0
13,6,9,0
13,6,10,0
13,6,11,0
13,7,1,0.071065
13,7,2,0
13,7,3,0
13,7,4,0
13,7,5,0
13,7,6,0
13,7,7,0
13,7,8,0
13,7,9,0
13,7,10,0
13,7,11,0
13,8,1,0
13,8,2,0
13,8,3,0
13,8,4,0
13,8,5,0
13,8,6,0
13,8,7,0
13,8,8,0
13,8,9,0
13,8,10,0
13,8,11,0
14,1,1,0.0016891
14,1,2,0.00400585
14,1,3,0.00668273
14,1,4,0.00725805
14,1,5,0.00461868
14,1,6,0.000330462
14,1,7,0
14,1,8,0
14,1,9,0
14,1,10,0
14,1,11,0
14,2,1,0.0253116
14,2,2,0.0432345
14,2,3,0.056914
14,2,4,0.0654601
14,2,5,0.0714616
14,2,6,0.0639286
14,2,7,0.0449117
14,2,8,0.0229945
14,2,9,0.00418944
14,2,10,0
14,2,11,0
14,3,1,0.0376319
14,3,2,0.0510334
14,3,3,0.0630651
14,3,4,0.0743842
14,3,5,0.0884436
14,3,6,0.101407
14,3,7,0.109509
14,3,8,0.113776
14,3,9,0.102543
14,3,10,0.0723565
14,3,11,0.0278618
14,4,1,0.0447653
14,4,2,0.0545977
14,4,3,0.0639712
14,4,4,0.0718236
14,4,5,0.0869894
14,4,6,0.102088
14,4,7,0.113433
14,4,8,0.124141
14,4,9,0.132144
14,4,10,0.138519
14,4,11,0.145811
14,5,1,0.0572397
14,5,2,0.0597501
14,5,3,0.0665952
14,5,4,0.0705159
14,5,5,0.0831954
14,5,6,0.097725
14,5,7,0.109819
14,5,8,0.119927
14,5,9,0.129124
14,5,10,0.143656
14,5,11,0.165563
14,6,1,0.0699229
14,6,2,0.0673442
14,6,3,0.0703689
14,6,4,0.0723077
14,6,5,0.0795136
14,6,6,0.0907494
14,6,7,0.103849
14,6,8,0.119295
14,6,9,0.129931
14,6,10,0.135859
14,6,11,0.147387
14,7,1,0.0834177
14,7,2,0.07826
14,7,3,0.0759948
14,7,4,0.0768318
14,7,5,0.0875491
14,7,6,0.0933641
14,7,7,0.100111
14,7,8,0.110874
14,7,9,0.106363
14,7,10,0.0983669
14,7,11,0
14,8,1,0.0791943
14,8,2,0.0655405
14,8,3,0.0639077
14,8,4,0.0502566
14,8,5,0.0622441
14,8,6,0.0411176
14,8,7,0
14,8,8,0
14,8,9,0
14,8,10,0
14,8,11,0
15,1,1,0.000977538
15,1,2,0.00196948
15,1,3,0.00292574
15,1,4,0.00278257
15,1,5,0.000975922
15,1,6,0
15,1,7,0
15,1,8,0
15,1,9,0
15,1,10,0
15,1,11,0
15,2,1,0.0330584
15,2,2,0.0385318
15,2,3,0.0431937
15,2,4,0.0451602
15,2,5,0.0425338
15,2,6,0.0288143
15,2,7,0.0144227
15,2,8,0.00408427
15,2,9,0
15,2,10,0
15,2,11,0
15,3,1,0.0537041
15,3,2,0.0596572
15,3,3,0.0645331
15,3,4,0.0708768
15,3,5,0.0787646
15,3,6,0.0800189
15,3,7,0.0766591
15,3,8,0.0675519
15,3,9,0.0473284
15,3,10,0.0251867
15,3,11,0.00329474
15,4,1,0.074082
15,4,2,0.0682113
15,4,3,0.0714901
15,4,4,0.0760649
15,4,5,0.0880762
15,4,6,0.0967813
15,4,7,0.100313
15,4,8,0.100984
15,4,9,0.099224
15,4,10,0.106453
15,4,11,0.114466
15,5,1,0.0960928
15,5,2,0.0789322
15,5,3,0.0755096
15,5,4,0.0766886
15,5,5,0.0867777
15,5,6,0.0984555
15,5,7,0.107945
15,5,8,0.116195
15,5,9,0.12181
15,5,10,0.129389
15,5,11,0.127867
15,6,1,0.112445
15,6,2,0.0923432
15,6,3,0.0824541
15,6,4,0.082211
15,6,5,0.0874711
15,6,6,0.0974989
15,6,7,0.108597
15,6,8,0.118747
15,6,9,0.120338
15,6,10,0.109846
15,6,11,0.0343274
15,7,1,0.136171
15,7,2,0.112779
15,7,3,0.0970807
15,7,4,0.0884542
15,7,5,0.0917961
15,7,6,0.0958705
15,7,7,0.0808552
15,7,8,0.076551
15,7,9,0
15,7,10,0
15,7,11,0
15,8,1,0.0697649
15,8,2,0.0469269
15,8,3,0
15,8,4,0
15,8,5,0
15,8,6,0
15,8,7,0
15,8,8,0
15,8,9,0
15,8,10,0
15,8,11,0
16,1,1,0.000200591
16,1,2,0.000328033
16,1,3,0.000446698
16,1,4,0.00027278
16,1,5,6.75513e-06
16,1,6,0
16,1,7,0
16,1,8,0
16,1,9,0
16,1,10,0
16,1,11,0
16,2,1,0.0198833
16,2,2,0.0175459
16,2,3,0.0167653
16,2,4,0.016835
16,2,5,0.0137503
16,2,6,0.00690238
16,2,7,0.00197189
16,2,8,0
16,2,9,0
16,2,10,0
16,2,11,0
16,3,1,0.0552878
16,3,2,0.0482369
16,3,3,0.0443886
16,3,4,0.0432053
16,3,5,0.0458977
16,3,6,0.0456904
16,3,7,0.0407475
16,3,8,0.0332029
16,3,9,0.0187553
16,3,10,0.00147668
16,3,11,0
16,4,1,0.0904114
16,4,2,0.0687566
16,4,3,0.0637666
16,4,4,0.063261
16,4,5,0.0675055
16,4,6,0.0727973
16,4,7,0.0764203
16,4,8,0.0780562
16,4,9,0.0800316
16,4,10,0.0664968
16,4,11,0
16,5,1,0.120005
16,5,2,0.0943603
16,5,3,0.0806298
16,5,4,0.0778025
16,5,5,0.0832971
16,5,6,0.0918533
16,5,7,0.102512
16,5,8,0.109652
16,5,9,0.112831
16,5,10,0.07063
16,5,11,0
16,6,1,0.145111
16,6,2,0.119207
16,6,3,0.101048
16,6,4,0.0917999
16,6,5,0.0925832
16,6,6,0.0987352
16,6,7,0.101897
16,6,8,0.0998187
16,6,9,0.00520171
16,6,10,0
16,6,11,0
16,7,1,0.158561
16,7,2,0.123146
16,7,3,0.106185
16,7,4,0.0839183
16,7,5,0.069824
16,7,6,0.0299287
16,7,7,0
16,7,8,0
16,7,9,0
16,7,10,0
16,7,11,0
16,8,1,0
16,8,2,0
16,8,3,0
16,8,4,0
16,8,5,0
16,8,6,0
16,8,7,0
16,8,8,0
16,8,9,0
16,8,10,0
16,8,11,0
17,1,1,0.00142412
17,1,2,0.00329242
17,1,3,0.0045741
17,1,4,0.00374214
17,1,5,0.00129066
17,1,6,0
17,1,7,0
17,1,8,0
17,1,9,0
17,1,10,0
17,1,11,0
17,2,1,0.0301818
17,2,2,0.0388138
17,2,3,0.0441209
17,2,4,0.0466128
17,2,5,0.045211
17,2,6,0.0319399
17,2,7,0.0180546
17,2,8,0.00583785
17,2,9,0
17,2,10,0
17,2,11,0
17,3,1,0.0555281
17,3,2,0.0589123
17,3,3,0.0641352
17,3,4,0.0671501
17,3,5,0.0760346
17,3,6,0.0823925
17,3,7,0.0853803
17,3,8,0.0820863
17,3,9,0.064604
17,3,10,0.038278
17,3,11,0.00598761
17,4,1,0.0764731
17,4,2,0.071214
17,4,3,0.0726317
17,4,4,0.0770041
17,4,5,0.08453
17,4,6,0.094313
17,4,7,0.1044
17,4,8,0.111278
17,4,9,0.117694
17,4,10,0.125143
17,4,11,0.127026
17,5,1,0.0949874
17,5,2,0.0847859
17,5,3,0.0826273
17,5,4,0.0824005
17,5,5,0.0889623
17,5,6,0.0980146
17,5,7,0.106647
17,5,8,0.116978
17,5,9,0.117432
17,5,10,0.126581
17,5,11,0.131759
17,6,1,0.106452
17,6,2,0.0948266
17,6,3,0.0909151
17,6,4,0.0873108
17,6,5,0.0914217
17,6,6,0.0945793
17,6,7,0.102706
17,6,8,0.110726
17,6,9,0.115666
17,6,10,0.106971
17,6,11,0
17,7,1,0.111007
17,7,2,0.0925837
17,7,3,0.0863014
17,7,4,0.0853749
17,7,5,0.0895181
17,7,6,0.0885277
17,7,7,0.080181
17,7,8,0.0736855
17,7,9,0.0114098
17,7,10,0
17,7,11,0
17,8,1,0.0364035
17,8,2,0.0115469
17,8,3,0
17,8,4,0
17,8,5,0
17,8,6,0
17,8,7,0
17,8,8,0
17,8,9,0
17,8,10,0
17,8,11,0
