xq2_bin,ybin,z_bin,pt2_bin,nphi,content,error
0,1,1,1,8,0.0,0.0
0,1,1,2,8,0.0,0.0
0,1,1,3,8,0.0,0.0
0,1,1,4,8,0.0,0.0
0,1,1,5,8,0.0,0.0
0,1,1,6,8,0.0,0.0
0,1,1,7,8,0.0,0.0
0,1,1,8,8,0.0,0.0
0,1,1,9,8,0.0,0.0
0,1,1,10,8,0.0,0.0
0,1,1,11,8,0.0,0.0
0,1,2,1,8,0.0,0.0
0,1,2,2,8,0.0,0.0
0,1,2,3,8,0.0,0.0
0,1,2,4,8,0.0,0.0
0,1,2,5,8,0.0,0.0
0,1,2,6,8,0.0,0.0
0,1,2,7,8,0.0,0.0
0,1,2,8,8,0.0,0.0
0,1,2,9,8,0.0,0.0
0,1,2,10,8,0.0,0.0
0,1,2,11,8,0.0,0.0
0,1,3,1,8,0.0,0.0
0,1,3,2,8,0.0,0.0
0,1,3,3,8,0.0,0.0
0,1,3,4,8,0.0,0.0
0,1,3,5,8,0.0,0.0
0,1,3,6,8,0.0,0.0
0,1,3,7,8,0.0,0.0
0,1,3,8,8,0.0,0.0
0,1,3,9,8,0.0,0.0
0,1,3,10,8,0.0,0.0
0,1,3,11,8,0.0,0.0
0,1,4,1,8,0.0,0.0
0,1,4,2,8,0.0,0.0
0,1,4,3,8,0.0,0.0
0,1,4,4,8,0.0,0.0
0,1,4,5,8,0.0,0.0
0,1,4,6,8,0.0,0.0
0,1,4,7,8,0.0,0.0
0,1,4,8,8,0.0,0.0
0,1,4,9,8,0.0,0.0
0,1,4,10,8,0.0,0.0
0,1,4,11,8,0.0,0.0
0,1,5,1,8,0.0,0.0
0,1,5,2,8,0.0,0.0
0,1,5,3,8,0.0,0.0
0,1,5,4,8,0.0,0.0
0,1,5,5,8,0.0,0.0
0,1,5,6,8,0.0,0.0
0,1,5,7,8,0.0,0.0
0,1,5,8,8,0.0,0.0
0,1,5,9,8,0.0,0.0
0,1,5,10,8,0.0,0.0
0,1,5,11,8,0.0,0.0
0,1,6,1,8,0.0,0.0
0,1,6,2,8,0.0,0.0
0,1,6,3,8,0.0,0.0
0,1,6,4,8,0.0,0.0
0,1,6,5,8,0.0,0.0
0,1,6,6,8,0.0,0.0
0,1,6,7,8,0.0,0.0
0,1,6,8,8,0.0,0.0
0,1,6,9,8,0.0,0.0
0,1,6,10,8,0.0,0.0
0,1,6,11,8,0.0,0.0
0,1,7,1,8,0.0,0.0
0,1,7,2,8,0.0,0.0
0,1,7,3,8,0.0,0.0
0,1,7,4,8,0.0,0.0
0,1,7,5,8,0.0,0.0
0,1,7,6,8,0.0,0.0
0,1,7,7,8,0.0,0.0
0,1,7,8,8,0.0,0.0
0,1,7,9,8,0.0,0.0
0,1,7,10,8,0.0,0.0
0,1,7,11,8,0.0,0.0
0,1,8,1,8,0.0,0.0
0,1,8,2,8,0.0,0.0
0,1,8,3,8,0.0,0.0
0,1,8,4,8,0.0,0.0
0,1,8,5,8,0.0,0.0
0,1,8,6,8,0.0,0.0
0,1,8,7,8,0.0,0.0
0,1,8,8,8,0.0,0.0
0,1,8,9,8,0.0,0.0
0,1,8,10,8,0.0,0.0
0,1,8,11,8,0.0,0.0
1,2,1,1,8,2126544.255635359,92323.408746996
1,2,1,2,8,1135789.6932550918,38171.0695555781
1,2,1,3,8,414196.93727321556,9984.33804692982
1,2,1,4,8,222630.85901202378,4705.273239126285
1,2,1,5,8,210040.92224903233,3655.2500819113543
1,2,1,6,8,93188.53129598082,3771.261452598792
1,2,1,7,8,0.0,0.0
1,2,1,8,8,0.0,0.0
1,2,1,9,8,0.0,0.0
1,2,1,10,8,0.0,0.0
1,2,1,11,8,0.0,0.0
1,2,2,1,8,181479.29842412748,3276.4017512468663
1,2,2,2,8,118025.86567401874,8345.922106382799
1,2,2,3,8,87271.48999752705,1489.24948178393
1,2,2,4,8,60301.37421457235,782.7678183207177
1,2,2,5,8,77813.06290175367,712.9935534847267
1,2,2,6,8,43529.1248575241,415.40847884993065
1,2,2,7,8,24331.74190368202,308.26626024968823
1,2,2,8,8,17897.266483650386,316.7569503752292
1,2,2,9,8,8042.537612502613,304.2177330785073
1,2,2,10,8,2160.2802352813565,317.79711021287073
1,2,2,11,8,0.0,0.0
1,2,3,1,8,110363.34727773165,7688.574838236865
1,2,3,2,8,35600.67194281019,791.1322269962261
1,2,3,3,8,40661.17673963776,1448.6001327321037
1,2,3,4,8,31817.980723400942,747.4613876006765
1,2,3,5,8,42883.82515623965,638.8372272848644
1,2,3,6,8,26767.520666844768,353.22229541002594
1,2,3,7,8,15971.321463707638,204.3333595960538
1,2,3,8,8,13062.674670310853,161.5749259076977
1,2,3,9,8,6223.461580916868,104.70714980169063
1,2,3,10,8,3864.7995136178106,86.78025476373442
1,2,3,11,8,2390.864685085065,83.79205794321332
1,2,4,1,8,20824.588227473763,1280.064177015088
1,2,4,2,8,15297.016489546024,663.655764464903
1,2,4,3,8,15729.214189047136,898.3914670438514
1,2,4,4,8,12319.980402215411,295.0370079051655
1,2,4,5,8,19332.09100549112,258.04760118624586
1,2,4,6,8,14773.485039258785,392.26575156257445
1,2,4,7,8,10976.169843322463,274.7192057321272
1,2,4,8,8,9989.289528716148,166.0851758293071
1,2,4,9,8,5192.55243774977,95.95668786279789
1,2,4,10,8,3281.37803653833,68.7140093381704
1,2,4,11,8,2229.6261480505086,53.0727909157628
1,2,5,1,8,9220.787972010754,551.7883487594514
1,2,5,2,8,7438.392438912206,664.9625698357006
1,2,5,3,8,6496.898300242844,224.56911203923508
1,2,5,4,8,6785.320673660632,314.3924164490759
1,2,5,5,8,10963.49967960191,221.45763816742925
1,2,5,6,8,7691.422480493096,147.5414907180381
1,2,5,7,8,5796.036239884994,106.24496571218606
1,2,5,8,8,5712.371131264866,98.09799793898117
1,2,5,9,8,4017.5244465232804,119.12117086752036
1,2,5,10,8,2737.1289846543814,69.42351493932394
1,2,5,11,8,2059.610044267519,49.00940960398176
1,2,6,1,8,4287.405714300821,270.617510605393
1,2,6,2,8,2651.9098748756132,88.58002746499773
1,2,6,3,8,5317.076607771271,360.4013179747045
1,2,6,4,8,3430.019317352031,135.15870795646956
1,2,6,5,8,6513.021947256299,222.35003627880354
1,2,6,6,8,5143.97509076216,122.47768689139906
1,2,6,7,8,3667.6130321214614,88.64353642526517
1,2,6,8,8,3728.7302694578393,81.09649666194777
1,2,6,9,8,2343.0162409404843,58.23872105831195
1,2,6,10,8,1693.2364886642158,45.33038585576371
1,2,6,11,8,1576.7115082704863,53.90743654448497
1,2,7,1,8,2321.91244326193,126.61090049837215
1,2,7,2,8,1557.2777775621278,56.206232992171785
1,2,7,3,8,1525.6393961408064,53.98141509155059
1,2,7,4,8,1644.7059430985537,120.82563490327125
1,2,7,5,8,3357.595678754329,107.1718101254043
1,2,7,6,8,2757.017053387737,104.80159764358636
1,2,7,7,8,2272.398575811677,71.37493417619295
1,2,7,8,8,2225.212699038343,64.78612708605858
1,2,7,9,8,1369.3957839223488,45.00576818769885
1,2,7,10,8,874.2505896320304,34.73675466476362
1,2,7,11,8,392.66913130881215,25.532193422455943
1,2,8,1,8,879.4678034270723,74.13265629605759
1,2,8,2,8,593.6248251811666,33.774594191756464
1,2,8,3,8,548.4853524812177,32.45315554030508
1,2,8,4,8,471.90537572588875,29.988881519901778
1,2,8,5,8,1129.1407681604237,83.07817410208817
1,2,8,6,8,650.9025764377748,45.185772879257065
1,2,8,7,8,406.1356436102782,35.94113356936568
1,2,8,8,8,226.72972755184023,30.7736501180308
1,2,8,9,8,0.0,0.0
1,2,8,10,8,0.0,0.0
1,2,8,11,8,0.0,0.0
2,3,1,1,8,1724714.9668449408,89877.0568498484
2,3,1,2,8,688071.3290813476,31085.596185388225
2,3,1,3,8,363615.06541474484,12131.578317766634
2,3,1,4,8,201900.31690196408,5774.4153572758805
2,3,1,5,8,189180.04676614088,6501.72110315264
2,3,1,6,8,7454.473287680873,1857.226854836439
2,3,1,7,8,0.0,0.0
2,3,1,8,8,0.0,0.0
2,3,1,9,8,0.0,0.0
2,3,1,10,8,0.0,0.0
2,3,1,11,8,0.0,0.0
2,3,2,1,8,124525.55283526599,2133.707134253504
2,3,2,2,8,117971.07122788148,4917.344483504816
2,3,2,3,8,79114.72885925384,1262.6227174515066
2,3,2,4,8,61236.33447745045,1022.5723125688579
2,3,2,5,8,74254.87640831228,821.947699548661
2,3,2,6,8,40941.39057239048,526.4022967762194
2,3,2,7,8,23457.904692919696,491.1383428671315
2,3,2,8,8,18265.140586180354,600.6587056042657
2,3,2,9,8,1361.2520613535432,225.54547945136426
2,3,2,10,8,0.0,0.0
2,3,2,11,8,0.0,0.0
2,3,3,1,8,58334.40291958097,1290.9006915632933
2,3,3,2,8,34783.50307392597,613.1354288946103
2,3,3,3,8,38898.85568923608,991.6260231678375
2,3,3,4,8,29910.76685016102,491.30842245291433
2,3,3,5,8,40646.55776147649,518.8108173356659
2,3,3,6,8,25129.43095634146,343.64950048901477
2,3,3,7,8,14641.529588263913,201.8126684268487
2,3,3,8,8,11847.308893669619,162.88217568408916
2,3,3,9,8,5780.721504382713,127.65696870801331
2,3,3,10,8,3753.1260206342304,141.17688473248677
2,3,3,11,8,3275.031890032527,450.56295890642843
2,3,4,1,8,25640.48666945059,774.7316745987761
2,3,4,2,8,20126.17282233364,812.5293948712617
2,3,4,3,8,13386.614224746158,290.93676629994644
2,3,4,4,8,11864.454925078273,213.16471321521098
2,3,4,5,8,23441.31442219762,593.6494836895984
2,3,4,6,8,16081.691465934777,432.64333995916184
2,3,4,7,8,10230.06800637132,245.4763373492782
2,3,4,8,8,8847.925777143948,150.7316509604426
2,3,4,9,8,4640.779673780091,86.24081444794543
2,3,4,10,8,2802.920104283832,63.89267768518857
2,3,4,11,8,1855.5262905170464,58.08509408382543
2,3,5,1,8,13524.314817394354,492.1321021355755
2,3,5,2,8,6885.784259167778,320.83759629302097
2,3,5,3,8,6471.018423207246,250.9513320547405
2,3,5,4,8,6732.568466023759,239.71535321499601
2,3,5,5,8,10315.256985597844,176.57855440419314
2,3,5,6,8,7679.707016118013,119.75570344481038
2,3,5,7,8,5477.76130614065,93.1009625814767
2,3,5,8,8,5034.935390620397,80.36362217718123
2,3,5,9,8,3165.4653496361516,77.26738735707005
2,3,5,10,8,2425.1239924295064,62.932373295285075
2,3,5,11,8,1347.1482652734385,38.43970003217162
2,3,6,1,8,8373.234517987916,302.8817381702556
2,3,6,2,8,4491.209794843715,198.60715916580875
2,3,6,3,8,4557.978523704776,277.16204470696186
2,3,6,4,8,3334.8208492007298,126.64185367339019
2,3,6,5,8,6728.295340570179,193.7214009214814
2,3,6,6,8,4596.912129348979,97.48253347960637
2,3,6,7,8,3659.570675070323,79.72676299515797
2,3,6,8,8,3574.1559074417687,67.0493230711192
2,3,6,9,8,1961.3903193892945,47.04232557499881
2,3,6,10,8,1542.6140601750408,53.36951438836337
2,3,6,11,8,883.4645438198135,42.10017421278179
2,3,7,1,8,4751.162797481703,157.10551070470694
2,3,7,2,8,3018.987402181927,139.2367978920485
2,3,7,3,8,2423.620436906901,213.642598568645
2,3,7,4,8,1629.2783433063391,93.93191590326929
2,3,7,5,8,3271.417791290607,99.3336039647916
2,3,7,6,8,2297.2690516441317,62.45408511706955
2,3,7,7,8,2013.7059221162906,61.8157751233139
2,3,7,8,8,1674.275310841068,46.53831406039947
2,3,7,9,8,760.8341537616461,29.542889672168485
2,3,7,10,8,291.7742465024301,18.815166275419216
2,3,7,11,8,39.031822436507696,6.854051239867141
2,3,8,1,8,1749.3116102641711,91.8002542655301
2,3,8,2,8,428.1839362424155,20.758491674862725
2,3,8,3,8,372.08784958959984,21.2990421455582
2,3,8,4,8,309.68574562619824,20.472055648602964
2,3,8,5,8,730.0940607023898,82.59778847578693
2,3,8,6,8,281.30414030893866,36.18280117209278
2,3,8,7,8,33.44924509442895,5.690691119995791
2,3,8,8,8,0.0,0.0
2,3,8,9,8,0.0,0.0
2,3,8,10,8,0.0,0.0
2,3,8,11,8,0.0,0.0
3,4,1,1,8,920699.6000784156,65950.93387116608
3,4,1,2,8,639302.2176412594,44127.0967070469
3,4,1,3,8,293818.8755841547,15151.6890478757
3,4,1,4,8,108343.31816286092,6297.747897805464
3,4,1,5,8,107464.79473194754,10006.938699291364
3,4,1,6,8,0.0,0.0
3,4,1,7,8,0.0,0.0
3,4,1,8,8,0.0,0.0
3,4,1,9,8,0.0,0.0
3,4,1,10,8,0.0,0.0
3,4,1,11,8,0.0,0.0
3,4,2,1,8,121036.34193606793,4461.057537009916
3,4,2,2,8,95834.12524504286,3145.659501234447
3,4,2,3,8,68450.44914121152,1025.9834806453953
3,4,2,4,8,49894.47003721954,993.6242965024869
3,4,2,5,8,65157.20774731874,936.6662000738345
3,4,2,6,8,37439.02693916229,1023.0770721052389
3,4,2,7,8,14536.728772676895,520.8505729940472
3,4,2,8,8,6073.71940113956,498.621099714661
3,4,2,9,8,0.0,0.0
3,4,2,10,8,0.0,0.0
3,4,2,11,8,0.0,0.0
3,4,3,1,8,49261.948564879625,825.5321475663528
3,4,3,2,8,37260.80083825919,906.9523189617935
3,4,3,3,8,30701.923345651936,716.6062766198611
3,4,3,4,8,26059.89964285378,407.4569619704762
3,4,3,5,8,33916.79948661862,442.5485125519848
3,4,3,6,8,20598.829670746974,307.5063531425489
3,4,3,7,8,12029.258720973861,223.52173409777916
3,4,3,8,8,9393.499835860133,250.40304698818895
3,4,3,9,8,4048.7193256502123,336.6081644725175
3,4,3,10,8,1206.1569198019984,132.51130672343788
3,4,3,11,8,0.0,0.0
3,4,4,1,8,21893.05087416036,434.994365962662
3,4,4,2,8,18601.19315441963,411.50191592975705
3,4,4,3,8,11370.544495612698,258.10588549155756
3,4,4,4,8,11962.919847572137,610.8748888612427
3,4,4,5,8,19400.036874969297,380.1690873320059
3,4,4,6,8,12806.55752659191,268.0270796203811
3,4,4,7,8,8187.175847857112,188.5954684310082
3,4,4,8,8,6959.336464943883,132.21130155080667
3,4,4,9,8,3394.43511748264,89.67060000626694
3,4,4,10,8,1909.2372439671158,88.01072423092734
3,4,4,11,8,300.185114511769,23.500267652218202
3,4,5,1,8,12201.94216059275,283.84916811126874
3,4,5,2,8,9531.28635930395,420.0794817475651
3,4,5,3,8,6804.103905164637,355.2877660931278
3,4,5,4,8,5812.502747234549,173.74825040578196
3,4,5,5,8,11539.931788666714,638.9506134938395
3,4,5,6,8,7340.874937493521,272.20908193129134
3,4,5,7,8,5073.794046415319,192.47127254956843
3,4,5,8,8,4709.16964869368,149.217319596575
3,4,5,9,8,2473.6039139754607,73.45335104953958
3,4,5,10,8,1335.647774886634,43.59521212464345
3,4,5,11,8,473.6377097200536,28.006046650909916
3,4,6,1,8,7291.680489804195,152.51427139559127
3,4,6,2,8,4829.213442177515,185.9289624688249
3,4,6,3,8,2735.0803525968386,130.91899411729167
3,4,6,4,8,3024.4628839356815,125.50478589744516
3,4,6,5,8,5716.715800636029,164.3428802398798
3,4,6,6,8,4040.5485939424843,86.96092135378534
3,4,6,7,8,2703.8144310678404,62.197912549491484
3,4,6,8,8,2545.77666402603,53.01987515536722
3,4,6,9,8,1106.1146949063486,32.85638385381241
3,4,6,10,8,517.6115539244964,22.465266670717664
3,4,6,11,8,67.82134043843695,9.181636852428785
3,4,7,1,8,4374.537326763966,91.22088449602569
3,4,7,2,8,2685.9119633018545,95.8680152039564
3,4,7,3,8,1923.9231960533377,108.29231532046651
3,4,7,4,8,1357.3587905680147,104.84478293925964
3,4,7,5,8,2377.7762271534707,93.95902270245196
3,4,7,6,8,1687.4070644368512,65.21541478214485
3,4,7,7,8,978.1513423746776,38.53418561194308
3,4,7,8,8,588.7337972417129,30.373128126714615
3,4,7,9,8,77.7330584058663,9.677664042366366
3,4,7,10,8,0.0,0.0
3,4,7,11,8,0.0,0.0
3,4,8,1,8,760.8764506843106,43.54449836889375
3,4,8,2,8,250.02040638600107,20.421912116904306
3,4,8,3,8,125.69159875013302,12.827093039383454
3,4,8,4,8,46.18410983026703,8.046309456878584
3,4,8,5,8,28.73916344721468,7.6053936299948735
3,4,8,6,8,0.0,0.0
3,4,8,7,8,0.0,0.0
3,4,8,8,8,0.0,0.0
3,4,8,9,8,0.0,0.0
3,4,8,10,8,0.0,0.0
3,4,8,11,8,0.0,0.0
4,5,1,1,8,1452548.0354907964,298271.8149701984
4,5,1,2,8,875889.306804597,75198.7626220249
4,5,1,3,8,0.0,0.0
4,5,1,4,8,53440.79196483559,12127.770537054215
4,5,1,5,8,0.0,0.0
4,5,1,6,8,0.0,0.0
4,5,1,7,8,0.0,0.0
4,5,1,8,8,0.0,0.0
4,5,1,9,8,0.0,0.0
4,5,1,10,8,0.0,0.0
4,5,1,11,8,0.0,0.0
4,5,2,1,8,128070.78833119138,3331.1564050643738
4,5,2,2,8,106722.50705694902,4247.03078246627
4,5,2,3,8,79917.87960818155,1424.9610425056144
4,5,2,4,8,57160.26012221199,1779.2482492542708
4,5,2,5,8,73902.32201343661,2660.730613370567
4,5,2,6,8,30461.953915452643,1178.0838198209092
4,5,2,7,8,9110.282488372168,756.1438848372712
4,5,2,8,8,0.0,0.0
4,5,2,9,8,0.0,0.0
4,5,2,10,8,0.0,0.0
4,5,2,11,8,0.0,0.0
4,5,3,1,8,52377.16547473982,797.8444482324587
4,5,3,2,8,43822.79254159771,871.9180633755009
4,5,3,3,8,36414.60043458409,1032.8069481471164
4,5,3,4,8,27677.65606014552,433.76625653007915
4,5,3,5,8,37605.47063180205,492.9207831742586
4,5,3,6,8,22175.21518532127,495.4109142707143
4,5,3,7,8,13215.72609976183,680.1925887292286
4,5,3,8,8,6047.349941923915,207.50349272148375
4,5,3,9,8,1802.5306680539297,175.6601811636869
4,5,3,10,8,0.0,0.0
4,5,3,11,8,0.0,0.0
4,5,4,1,8,25559.90763580138,384.9181421769317
4,5,4,2,8,20594.520204082248,360.77292104539066
4,5,4,3,8,16840.88323741289,402.78940100849957
4,5,4,4,8,14408.257116591249,458.71545755649987
4,5,4,5,8,21570.164491489406,338.6282696459713
4,5,4,6,8,13656.738206943473,236.87451475201908
4,5,4,7,8,8127.739075904824,194.1090206853321
4,5,4,8,8,6887.9974554945575,200.81375612201114
4,5,4,9,8,1843.7391552153124,67.21813691388579
4,5,4,10,8,546.353421097109,37.54149957976671
4,5,4,11,8,0.0,0.0
4,5,5,1,8,13812.261406657213,197.42447317668348
4,5,5,2,8,10368.244489818459,269.57175763281106
4,5,5,3,8,8507.770830428117,265.65852200064546
4,5,5,4,8,6290.025372065242,155.01016710435988
4,5,5,5,8,12884.027268195778,361.8814425180268
4,5,5,6,8,8643.019068993466,241.37408777053236
4,5,5,7,8,5664.030342348956,173.1638957330287
4,5,5,8,8,4001.1666932318853,113.97724646871463
4,5,5,9,8,1532.6108632513165,60.15809404990071
4,5,5,10,8,484.80748961652426,37.32909565641667
4,5,5,11,8,0.0,0.0
4,5,6,1,8,8544.77476854239,121.69525397506291
4,5,6,2,8,7020.836632087545,248.78376844447504
4,5,6,3,8,4181.078965124604,223.8666707607879
4,5,6,4,8,3265.1190863286456,114.2757747577083
4,5,6,5,8,6696.202760391545,218.4399857697631
4,5,6,6,8,5385.045087548383,261.24272081662735
4,5,6,7,8,2439.8865737154724,95.92128752456645
4,5,6,8,8,1283.6613789132832,37.624500204165656
4,5,6,9,8,369.54012961197355,21.29272710509895
4,5,6,10,8,24.9304434595904,9.290361979740144
4,5,6,11,8,0.0,0.0
4,5,7,1,8,3894.155159314332,65.43816846726828
4,5,7,2,8,2718.87980761371,86.54847993843354
4,5,7,3,8,1813.5778176466704,97.1220853099717
4,5,7,4,8,882.5730910608924,70.15050916962599
4,5,7,5,8,1220.6407953502169,62.28434160988556
4,5,7,6,8,694.3382531095003,63.43838857041431
4,5,7,7,8,101.23694008158309,11.019247178666138
4,5,7,8,8,0.0,0.0
4,5,7,9,8,0.0,0.0
4,5,7,10,8,0.0,0.0
4,5,7,11,8,0.0,0.0
4,5,8,1,8,27.877708795895362,5.428592982480772
4,5,8,2,8,0.0,0.0
4,5,8,3,8,0.0,0.0
4,5,8,4,8,0.0,0.0
4,5,8,5,8,0.0,0.0
4,5,8,6,8,0.0,0.0
4,5,8,7,8,0.0,0.0
4,5,8,8,8,0.0,0.0
4,5,8,9,8,0.0,0.0
4,5,8,10,8,0.0,0.0
4,5,8,11,8,0.0,0.0
5,6,1,1,8,0.0,0.0
5,6,1,2,8,0.0,0.0
5,6,1,3,8,0.0,0.0
5,6,1,4,8,0.0,0.0
5,6,1,5,8,0.0,0.0
5,6,1,6,8,0.0,0.0
5,6,1,7,8,0.0,0.0
5,6,1,8,8,0.0,0.0
5,6,1,9,8,0.0,0.0
5,6,1,10,8,0.0,0.0
5,6,1,11,8,0.0,0.0
5,6,2,1,8,155008.16619244477,4837.14687101422
5,6,2,2,8,121080.54954580906,5500.189704959312
5,6,2,3,8,100710.26905521766,5314.736667585632
5,6,2,4,8,52068.4557955623,2165.152123658657
5,6,2,5,8,75379.18738868272,3970.0917049528484
5,6,2,6,8,21531.409011101645,1601.241107171985
5,6,2,7,8,0.0,0.0
5,6,2,8,8,0.0,0.0
5,6,2,9,8,0.0,0.0
5,6,2,10,8,0.0,0.0
5,6,2,11,8,0.0,0.0
5,6,3,1,8,60826.80939192336,1019.0485831155779
5,6,3,2,8,47181.04539152744,812.6789806215799
5,6,3,3,8,40293.59597557243,1145.703157208853
5,6,3,4,8,32969.85862816312,748.6451549569967
5,6,3,5,8,46204.26108863775,1443.6556705573162
5,6,3,6,8,17419.1980404168,473.23958047356297
5,6,3,7,8,8568.369550452353,596.4367739850734
5,6,3,8,8,2369.3095232715496,154.01769219273197
5,6,3,9,8,0.0,0.0
5,6,3,10,8,0.0,0.0
5,6,3,11,8,0.0,0.0
5,6,4,1,8,31814.68629211344,378.4666692233554
5,6,4,2,8,25070.56543230392,363.86081267472775
5,6,4,3,8,20727.817713563076,382.8364023676113
5,6,4,4,8,18159.033477451227,452.6159832814024
5,6,4,5,8,23853.983424531976,423.1757460187778
5,6,4,6,8,14220.993555255185,411.3467918977627
5,6,4,7,8,4797.151163559924,156.52356850656938
5,6,4,8,8,2349.77894916515,104.31428809571666
5,6,4,9,8,63.79493016951817,11.469392052485809
5,6,4,10,8,0.0,0.0
5,6,4,11,8,0.0,0.0
5,6,5,1,8,17594.39555348775,206.7427447755511
5,6,5,2,8,13850.684825410046,244.2397013715996
5,6,5,3,8,11002.2099727392,218.88737958934112
5,6,5,4,8,8757.898081769392,209.45415034692425
5,6,5,5,8,12567.123924160729,260.4966005626787
5,6,5,6,8,7098.531917583557,181.75379975261163
5,6,5,7,8,3225.1299204408742,128.51680407275362
5,6,5,8,8,715.3654056543934,32.48897292065702
5,6,5,9,8,56.00735684289819,9.664244540720825
5,6,5,10,8,0.0,0.0
5,6,5,11,8,0.0,0.0
5,6,6,1,8,9262.830340229903,108.90978035349607
5,6,6,2,8,6761.0299289123495,146.27720384489893
5,6,6,3,8,5003.408179627016,162.4459588038791
5,6,6,4,8,3278.869499070356,128.13992283168628
5,6,6,5,8,4031.058097910204,159.83593562017217
5,6,6,6,8,1276.1714304223547,47.065703186196004
5,6,6,7,8,389.59575652072584,24.843562398151345
5,6,6,8,8,0.0,0.0
5,6,6,9,8,0.0,0.0
5,6,6,10,8,0.0,0.0
5,6,6,11,8,0.0,0.0
5,6,7,1,8,1484.2067705495847,37.41649971595698
5,6,7,2,8,881.6449045090257,46.68053137421786
5,6,7,3,8,194.4820969418867,13.330298580518669
5,6,7,4,8,111.51816195920844,11.43031255813865
5,6,7,5,8,15.010779883569946,3.1996483558769655
5,6,7,6,8,0.0,0.0
5,6,7,7,8,0.0,0.0
5,6,7,8,8,0.0,0.0
5,6,7,9,8,0.0,0.0
5,6,7,10,8,0.0,0.0
5,6,7,11,8,0.0,0.0
5,6,8,1,8,0.0,0.0
5,6,8,2,8,0.0,0.0
5,6,8,3,8,0.0,0.0
5,6,8,4,8,0.0,0.0
5,6,8,5,8,0.0,0.0
5,6,8,6,8,0.0,0.0
5,6,8,7,8,0.0,0.0
5,6,8,8,8,0.0,0.0
5,6,8,9,8,0.0,0.0
5,6,8,10,8,0.0,0.0
5,6,8,11,8,0.0,0.0
6,7,1,1,8,0.0,0.0
6,7,1,2,8,0.0,0.0
6,7,1,3,8,0.0,0.0
6,7,1,4,8,0.0,0.0
6,7,1,5,8,0.0,0.0
6,7,1,6,8,0.0,0.0
6,7,1,7,8,0.0,0.0
6,7,1,8,8,0.0,0.0
6,7,1,9,8,0.0,0.0
6,7,1,10,8,0.0,0.0
6,7,1,11,8,0.0,0.0
6,7,2,1,8,76652.3253086589,7944.461386275966
6,7,2,2,8,34963.066088021274,4703.293841861989
6,7,2,3,8,20120.119460399623,2597.6909582667813
6,7,2,4,8,5934.351650133017,1424.9673471142369
6,7,2,5,8,3452.37432380707,1012.9273712104169
6,7,2,6,8,0.0,0.0
6,7,2,7,8,0.0,0.0
6,7,2,8,8,0.0,0.0
6,7,2,9,8,0.0,0.0
6,7,2,10,8,0.0,0.0
6,7,2,11,8,0.0,0.0
6,7,3,1,8,37556.65112319694,1095.6356532558518
6,7,3,2,8,31362.085885260458,1295.804497417559
6,7,3,3,8,18076.73328695002,781.37484623332
6,7,3,4,8,13891.193954890172,691.3777201962317
6,7,3,5,8,15951.311493876117,1038.7909646969285
6,7,3,6,8,3590.2601755838773,214.63852782521803
6,7,3,7,8,286.11485120404524,62.30977077547975
6,7,3,8,8,0.0,0.0
6,7,3,9,8,0.0,0.0
6,7,3,10,8,0.0,0.0
6,7,3,11,8,0.0,0.0
6,7,4,1,8,21029.39250518746,325.416019923666
6,7,4,2,8,15689.572026302174,360.3242630872228
6,7,4,3,8,13565.213326821642,410.2421388898178
6,7,4,4,8,8004.526982922675,511.61056430086563
6,7,4,5,8,8408.579296354153,289.8168965656728
6,7,4,6,8,3215.348229914179,189.5597174819684
6,7,4,7,8,77.51191039930039,14.348257759005655
6,7,4,8,8,0.0,0.0
6,7,4,9,8,0.0,0.0
6,7,4,10,8,0.0,0.0
6,7,4,11,8,0.0,0.0
6,7,5,1,8,11306.84398039434,156.50365356188004
6,7,5,2,8,7858.9327683771935,173.66816134514642
6,7,5,3,8,5300.398909776963,159.35661051035453
6,7,5,4,8,3476.014896760116,136.310229347879
6,7,5,5,8,2881.8290522932475,206.19017589591573
6,7,5,6,8,217.19728099701308,23.84562297490882
6,7,5,7,8,0.0,0.0
6,7,5,8,8,0.0,0.0
6,7,5,9,8,0.0,0.0
6,7,5,10,8,0.0,0.0
6,7,5,11,8,0.0,0.0
6,7,6,1,8,2767.088195260358,54.922848534509015
6,7,6,2,8,1441.7474536527934,63.142334631944166
6,7,6,3,8,497.3840528767996,50.66965188085501
6,7,6,4,8,70.64809584670837,10.481252947717525
6,7,6,5,8,0.0,0.0
6,7,6,6,8,0.0,0.0
6,7,6,7,8,0.0,0.0
6,7,6,8,8,0.0,0.0
6,7,6,9,8,0.0,0.0
6,7,6,10,8,0.0,0.0
6,7,6,11,8,0.0,0.0
6,7,7,1,8,0.0,0.0
6,7,7,2,8,0.0,0.0
6,7,7,3,8,0.0,0.0
6,7,7,4,8,0.0,0.0
6,7,7,5,8,0.0,0.0
6,7,7,6,8,0.0,0.0
6,7,7,7,8,0.0,0.0
6,7,7,8,8,0.0,0.0
6,7,7,9,8,0.0,0.0
6,7,7,10,8,0.0,0.0
6,7,7,11,8,0.0,0.0
6,7,8,1,8,0.0,0.0
6,7,8,2,8,0.0,0.0
6,7,8,3,8,0.0,0.0
6,7,8,4,8,0.0,0.0
6,7,8,5,8,0.0,0.0
6,7,8,6,8,0.0,0.0
6,7,8,7,8,0.0,0.0
6,7,8,8,8,0.0,0.0
6,7,8,9,8,0.0,0.0
6,7,8,10,8,0.0,0.0
6,7,8,11,8,0.0,0.0
7,8,1,1,8,0.0,0.0
7,8,1,2,8,0.0,0.0
7,8,1,3,8,0.0,0.0
7,8,1,4,8,0.0,0.0
7,8,1,5,8,0.0,0.0
7,8,1,6,8,0.0,0.0
7,8,1,7,8,0.0,0.0
7,8,1,8,8,0.0,0.0
7,8,1,9,8,0.0,0.0
7,8,1,10,8,0.0,0.0
7,8,1,11,8,0.0,0.0
7,8,2,1,8,0.0,0.0
7,8,2,2,8,0.0,0.0
7,8,2,3,8,0.0,0.0
7,8,2,4,8,0.0,0.0
7,8,2,5,8,0.0,0.0
7,8,2,6,8,0.0,0.0
7,8,2,7,8,0.0,0.0
7,8,2,8,8,0.0,0.0
7,8,2,9,8,0.0,0.0
7,8,2,10,8,0.0,0.0
7,8,2,11,8,0.0,0.0
7,8,3,1,8,18694.375441264903,1059.7137017055718
7,8,3,2,8,13066.265750686845,627.4748768950562
7,8,3,3,8,6277.430767753471,564.6294018550057
7,8,3,4,8,4127.320540132045,304.7544901374999
7,8,3,5,8,2686.5274519546297,220.151684355668
7,8,3,6,8,0.0,0.0
7,8,3,7,8,0.0,0.0
7,8,3,8,8,0.0,0.0
7,8,3,9,8,0.0,0.0
7,8,3,10,8,0.0,0.0
7,8,3,11,8,0.0,0.0
7,8,4,1,8,10746.822316916749,283.8507555834509
7,8,4,2,8,9785.780196924972,714.5894428574409
7,8,4,3,8,4083.972762941861,196.56779803692038
7,8,4,4,8,1762.8094133049365,150.115463884861
7,8,4,5,8,427.1068231568064,33.73364385592614
7,8,4,6,8,0.0,0.0
7,8,4,7,8,0.0,0.0
7,8,4,8,8,0.0,0.0
7,8,4,9,8,0.0,0.0
7,8,4,10,8,0.0,0.0
7,8,4,11,8,0.0,0.0
7,8,5,1,8,4037.3378672358267,101.1503668161465
7,8,5,2,8,2247.3599071519966,109.6297844493489
7,8,5,3,8,423.76651352058525,50.72544323798315
7,8,5,4,8,0.0,0.0
7,8,5,5,8,0.0,0.0
7,8,5,6,8,0.0,0.0
7,8,5,7,8,0.0,0.0
7,8,5,8,8,0.0,0.0
7,8,5,9,8,0.0,0.0
7,8,5,10,8,0.0,0.0
7,8,5,11,8,0.0,0.0
7,8,6,1,8,27.267374847964593,6.795306716342544
7,8,6,2,8,0.0,0.0
7,8,6,3,8,0.0,0.0
7,8,6,4,8,0.0,0.0
7,8,6,5,8,0.0,0.0
7,8,6,6,8,0.0,0.0
7,8,6,7,8,0.0,0.0
7,8,6,8,8,0.0,0.0
7,8,6,9,8,0.0,0.0
7,8,6,10,8,0.0,0.0
7,8,6,11,8,0.0,0.0
7,8,7,1,8,0.0,0.0
7,8,7,2,8,0.0,0.0
7,8,7,3,8,0.0,0.0
7,8,7,4,8,0.0,0.0
7,8,7,5,8,0.0,0.0
7,8,7,6,8,0.0,0.0
7,8,7,7,8,0.0,0.0
7,8,7,8,8,0.0,0.0
7,8,7,9,8,0.0,0.0
7,8,7,10,8,0.0,0.0
7,8,7,11,8,0.0,0.0
7,8,8,1,8,0.0,0.0
7,8,8,2,8,0.0,0.0
7,8,8,3,8,0.0,0.0
7,8,8,4,8,0.0,0.0
7,8,8,5,8,0.0,0.0
7,8,8,6,8,0.0,0.0
7,8,8,7,8,0.0,0.0
7,8,8,8,8,0.0,0.0
7,8,8,9,8,0.0,0.0
7,8,8,10,8,0.0,0.0
7,8,8,11,8,0.0,0.0
8,9,1,1,8,1254837.4499178762,39193.728917889326
8,9,1,2,8,698060.5211889604,26356.894444995105
8,9,1,3,8,350362.7351886865,5816.714229545327
8,9,1,4,8,192077.80169622914,3535.5852713267986
8,9,1,5,8,186236.84669743362,3359.6694057416
8,9,1,6,8,83982.01613163929,4421.317706034905
8,9,1,7,8,0.0,0.0
8,9,1,8,8,0.0,0.0
8,9,1,9,8,0.0,0.0
8,9,1,10,8,0.0,0.0
8,9,1,11,8,0.0,0.0
8,9,2,1,8,164198.08248256528,2539.2574161014063
8,9,2,2,8,93430.29069363575,3772.474587094042
8,9,2,3,8,74879.60095420932,1160.9422322467278
8,9,2,4,8,52139.46745692667,588.0730424728662
8,9,2,5,8,67384.18055454592,553.200163463599
8,9,2,6,8,37051.59831658411,364.09536263733776
8,9,2,7,8,20706.575682117156,286.79027254122815
8,9,2,8,8,15315.327874390468,323.76398000391856
8,9,2,9,8,7948.30160278923,389.64253591059287
8,9,2,10,8,0.0,0.0
8,9,2,11,8,0.0,0.0
8,9,3,1,8,71365.29008286762,1866.4640825616998
8,9,3,2,8,31787.062339381453,638.0364416814946
8,9,3,3,8,31475.013663914597,1036.7883663113084
8,9,3,4,8,26455.477947267613,545.3035188770799
8,9,3,5,8,38625.63523275673,528.3193479782312
8,9,3,6,8,22650.03445005663,305.4885239932279
8,9,3,7,8,13972.153706823949,179.21814484091038
8,9,3,8,8,10779.814836414029,135.36680274096636
8,9,3,9,8,5141.173633531822,91.00138659304822
8,9,3,10,8,3405.946248285973,82.41081581423681
8,9,3,11,8,1981.6307015276225,93.40757829713229
8,9,4,1,8,23291.026432084218,1137.6354701260434
8,9,4,2,8,15209.144710071814,702.4364212239088
8,9,4,3,8,12890.78646301579,389.04576399115183
8,9,4,4,8,11570.747847258866,226.64136036976905
8,9,4,5,8,20302.36638252918,885.9756566705173
8,9,4,6,8,11370.326563460898,140.75578904196922
8,9,4,7,8,9297.947790468725,273.0918835933749
8,9,4,8,8,8186.672512405567,152.80294626853495
8,9,4,9,8,4569.525036872979,87.36690669631064
8,9,4,10,8,2875.9183172055687,60.18879908740606
8,9,4,11,8,1809.7181394414024,44.12888762005619
8,9,5,1,8,11451.05602920596,631.7189911817637
8,9,5,2,8,8107.853983455646,379.94934065367613
8,9,5,3,8,5890.100188229583,166.2518627516154
8,9,5,4,8,5135.580846262095,124.84970774195487
8,9,5,5,8,9622.920586130369,167.45415147613787
8,9,5,6,8,6919.099679906172,112.77885193933663
8,9,5,7,8,4950.092545364983,81.59863672495578
8,9,5,8,8,5943.75625947972,373.29520741602346
8,9,5,9,8,3118.768471263429,91.1154985672079
8,9,5,10,8,2316.9899218400483,68.5192036237026
8,9,5,11,8,1714.4910807942404,44.85019660860439
8,9,6,1,8,6458.552677518589,264.6659156769676
8,9,6,2,8,4123.724961759894,157.44973586407733
8,9,6,3,8,3672.932333530174,147.59620350676616
8,9,6,4,8,3096.1929509430156,96.26594695506331
8,9,6,5,8,5652.96896362447,156.5566338249582
8,9,6,6,8,4417.388506741759,95.04941254389126
8,9,6,7,8,3257.079274118171,71.38240043680744
8,9,6,8,8,3420.123699240065,65.4572973683971
8,9,6,9,8,2112.533145325991,47.521512524628136
8,9,6,10,8,1780.9992399145021,102.31256096197255
8,9,6,11,8,1139.869067616576,37.34401260725208
8,9,7,1,8,4195.954316529042,179.87132447370342
8,9,7,2,8,2455.798116497307,99.28761091318796
8,9,7,3,8,1717.5104866718443,93.13882652125533
8,9,7,4,8,2135.7641836115927,98.86536214744126
8,9,7,5,8,3034.3490910516334,82.9422302018433
8,9,7,6,8,2273.1381574191955,58.350173274818225
8,9,7,7,8,1956.5074270160324,56.403760585881926
8,9,7,8,8,1961.9614261790425,49.759509234006835
8,9,7,9,8,1046.6680311231912,33.64465152338404
8,9,7,10,8,595.9288387965154,25.247523248911598
8,9,7,11,8,137.03976736038817,14.12497847406592
8,9,8,1,8,1327.0075948135795,78.43873437334443
8,9,8,2,8,669.4529337003397,51.61849196281176
8,9,8,3,8,437.35254091422485,22.9397582715658
8,9,8,4,8,469.2277186016651,48.72189729308931
8,9,8,5,8,879.9518527125842,54.91119590816959
8,9,8,6,8,328.8239806170638,22.844166781046724
8,9,8,7,8,391.69271036129675,63.314371584628
8,9,8,8,8,41.40376917572342,8.920042544389283
8,9,8,9,8,0.0,0.0
8,9,8,10,8,0.0,0.0
8,9,8,11,8,0.0,0.0
9,10,1,1,8,1134067.3435202646,46372.54557691554
9,10,1,2,8,533238.3579276934,17134.654807510346
9,10,1,3,8,304805.8878862414,7863.471389519809
9,10,1,4,8,177850.47250216512,5443.848614893717
9,10,1,5,8,175328.84691167218,6341.791734787516
9,10,1,6,8,76038.15988687886,15029.43612047679
9,10,1,7,8,0.0,0.0
9,10,1,8,8,0.0,0.0
9,10,1,9,8,0.0,0.0
9,10,1,10,8,0.0,0.0
9,10,1,11,8,0.0,0.0
9,10,2,1,8,193271.04132218653,3880.3248866309
9,10,2,2,8,95175.18419647268,3111.165776252203
9,10,2,3,8,70879.25033082558,967.8653877123706
9,10,2,4,8,52129.069137669496,675.715774923899
9,10,2,5,8,67703.14781055419,673.7974770913628
9,10,2,6,8,36221.02953761754,492.34181032279605
9,10,2,7,8,19682.979764806067,461.26775504984636
9,10,2,8,8,17388.846232326396,620.8670453454539
9,10,2,9,8,0.0,0.0
9,10,2,10,8,0.0,0.0
9,10,2,11,8,0.0,0.0
9,10,3,1,8,63527.78549735044,1228.3760057978468
9,10,3,2,8,42685.700226395085,927.2201433881291
9,10,3,3,8,32998.664373508174,717.9719866056732
9,10,3,4,8,28014.04169104958,442.4418128684955
9,10,3,5,8,37751.67680438764,431.14808366038966
9,10,3,6,8,22451.105442251945,291.481226666314
9,10,3,7,8,12902.222360896294,179.01191402586826
9,10,3,8,8,10186.065881928553,145.2589383278569
9,10,3,9,8,4717.855928343803,115.05241126155802
9,10,3,10,8,2933.0710374271157,125.57317745340545
9,10,3,11,8,624.0806262608583,81.25585611771811
9,10,4,1,8,23435.807578338783,566.2174646800294
9,10,4,2,8,18754.76682353714,515.1697111538333
9,10,4,3,8,15836.489125081724,549.2167416105899
9,10,4,4,8,10801.832945753524,170.1052978121736
9,10,4,5,8,20735.81151075229,524.5672195407432
9,10,4,6,8,14036.341851459278,346.14058786167953
9,10,4,7,8,8995.17091030467,221.15366013677811
9,10,4,8,8,7636.705944859298,142.05750032623322
9,10,4,9,8,3958.9321690870347,80.22790339280262
9,10,4,10,8,2276.6079976656383,55.87387815585241
9,10,4,11,8,1026.1034765238437,38.849764735397414
9,10,5,1,8,13111.294985825622,295.122745705827
9,10,5,2,8,9387.98639109215,378.60675275510226
9,10,5,3,8,7769.435407528714,464.0373343874531
9,10,5,4,8,6376.768780306415,184.81550955117154
9,10,5,5,8,11092.21046020243,498.2482755213732
9,10,5,6,8,6726.802027617365,98.02661034785633
9,10,5,7,8,5654.31733633108,252.48492598539687
9,10,5,8,8,4567.621818482595,66.19979825734883
9,10,5,9,8,2594.832216137534,48.44166559297205
9,10,5,10,8,1903.011209456738,57.10966744803804
9,10,5,11,8,941.4358356199868,29.76226901624566
9,10,6,1,8,7725.208828484975,155.8999880409717
9,10,6,2,8,6008.14289281026,292.5017338598564
9,10,6,3,8,4337.881036671165,151.93895523841866
9,10,6,4,8,3936.1453120888714,181.12914896186777
9,10,6,5,8,6084.3617574303935,151.66465344847327
9,10,6,6,8,4351.848510315664,81.09925634814493
9,10,6,7,8,3222.515349257129,62.474812648153666
9,10,6,8,8,2916.2783775202442,53.854792902603236
9,10,6,9,8,1679.9378501341762,37.614883927256415
9,10,6,10,8,939.9190383336015,26.50908450930572
9,10,6,11,8,364.95916242026493,16.31484528219072
9,10,7,1,8,4890.537068436542,100.93420114957868
9,10,7,2,8,3945.8165782431724,181.43995096723822
9,10,7,3,8,2616.196792760776,149.9866312577035
9,10,7,4,8,2163.2945301480117,92.83124929598017
9,10,7,5,8,3552.428118905036,181.8720781609487
9,10,7,6,8,2412.9238971339146,84.32343157461645
9,10,7,7,8,1465.646024338061,43.828240270616746
9,10,7,8,8,1122.562838222878,33.72675580080558
9,10,7,9,8,372.0120360298715,19.936817363404792
9,10,7,10,8,99.38524360351568,11.167727927771296
9,10,7,11,8,0.0,0.0
9,10,8,1,8,1224.1481550017977,52.8233667837452
9,10,8,2,8,613.9968214869721,37.103687551333316
9,10,8,3,8,266.24695538697335,19.013880975639932
9,10,8,4,8,162.79202191058033,14.69697231267163
9,10,8,5,8,138.30641351482964,13.841228572661178
9,10,8,6,8,42.77774040781569,8.050870648098918
9,10,8,7,8,0.0,0.0
9,10,8,8,8,0.0,0.0
9,10,8,9,8,0.0,0.0
9,10,8,10,8,0.0,0.0
9,10,8,11,8,0.0,0.0
10,11,1,1,8,1111193.7860794836,57717.9743262759
10,11,1,2,8,669141.6233662348,33954.28474670512
10,11,1,3,8,385219.0240580347,19177.378857799817
10,11,1,4,8,120303.26750914086,7135.058841853655
10,11,1,5,8,115820.88916531076,13308.323610191273
10,11,1,6,8,0.0,0.0
10,11,1,7,8,0.0,0.0
10,11,1,8,8,0.0,0.0
10,11,1,9,8,0.0,0.0
10,11,1,10,8,0.0,0.0
10,11,1,11,8,0.0,0.0
10,11,2,1,8,190927.1771155406,3321.777996132063
10,11,2,2,8,113654.3717063936,3227.340544790607
10,11,2,3,8,87925.85778787822,1195.4480817216177
10,11,2,4,8,66422.33517248227,989.3339320864117
10,11,2,5,8,82150.62796347446,1196.3097244411938
10,11,2,6,8,48088.38440459777,1522.043058531446
10,11,2,7,8,18606.57574025758,727.230563162257
10,11,2,8,8,3280.3805040423126,538.2637235543481
10,11,2,9,8,0.0,0.0
10,11,2,10,8,0.0,0.0
10,11,2,11,8,0.0,0.0
10,11,3,1,8,62667.85769569481,860.7357077228579
10,11,3,2,8,48685.16487712168,621.7312577868918
10,11,3,3,8,41482.60969983889,850.9130069955864
10,11,3,4,8,32824.88794468464,451.6109568108029
10,11,3,5,8,44666.762806088256,463.6851300237006
10,11,3,6,8,25881.343646320664,331.33474873905584
10,11,3,7,8,15037.029089407497,286.43358941925715
10,11,3,8,8,12187.04473014346,362.5977736657241
10,11,3,9,8,3180.5487442622566,126.79659406867782
10,11,3,10,8,192.92864489555043,44.53433563570013
10,11,3,11,8,0.0,0.0
10,11,4,1,8,30344.51049782691,353.38023613521375
10,11,4,2,8,24630.384451354617,414.03396481763167
10,11,4,3,8,20371.21185420739,342.2499402902196
10,11,4,4,8,17421.999212624007,375.50754401704427
10,11,4,5,8,24632.581748953733,383.1262622197393
10,11,4,6,8,15852.687750613455,235.22483139765146
10,11,4,7,8,9848.905487993537,186.39738642461452
10,11,4,8,8,8343.842280468429,157.7635433336928
10,11,4,9,8,3702.9256984166636,102.10663189482736
10,11,4,10,8,1696.9314287122545,96.64335037071649
10,11,4,11,8,132.28445637598173,13.22584002040396
10,11,5,1,8,16096.507550478333,210.89906062973498
10,11,5,2,8,13236.044865339296,285.83057827942713
10,11,5,3,8,10788.889961878964,288.62909562284517
10,11,5,4,8,9850.181109040615,271.32583101311985
10,11,5,5,8,15497.916954459304,361.752766219872
10,11,5,6,8,10210.048459606034,244.70100812516634
10,11,5,7,8,6688.849925808347,187.4788792264551
10,11,5,8,8,5125.619303233324,130.05449728336825
10,11,5,9,8,1861.5391737237387,41.88460185333422
10,11,5,10,8,798.3625889221813,33.52458858980012
10,11,5,11,8,126.49108091237349,11.382354122722294
10,11,6,1,8,9973.763519070586,118.87036856088416
10,11,6,2,8,8704.495517155576,196.284044645311
10,11,6,3,8,6390.564829824489,175.66329213182271
10,11,6,4,8,4892.5509216041355,136.95563086152353
10,11,6,5,8,7423.425089639972,141.5299489041995
10,11,6,6,8,6301.647925444657,242.6892149420608
10,11,6,7,8,3802.966910255155,169.23508050773526
10,11,6,8,8,2316.231112200186,112.61478137659226
10,11,6,9,8,673.4282697899222,23.910843800255357
10,11,6,10,8,258.4620820604754,16.33440178706195
10,11,6,11,8,0.0,0.0
10,11,7,1,8,4939.09737536901,69.6554941404594
10,11,7,2,8,3777.4498324980523,89.44316946069509
10,11,7,3,8,2642.524440242505,125.17734350729994
10,11,7,4,8,1724.3042689629751,75.01793613254179
10,11,7,5,8,2002.4184861236247,76.7251567686576
10,11,7,6,8,990.7394236892952,51.746157110332405
10,11,7,7,8,351.00684865083923,20.24040169697319
10,11,7,8,8,162.61292550036583,13.27394589583807
10,11,7,9,8,0.0,0.0
10,11,7,10,8,0.0,0.0
10,11,7,11,8,0.0,0.0
10,11,8,1,8,230.55763025987042,19.29664690489792
10,11,8,2,8,20.72579915763457,6.3629968896358005
10,11,8,3,8,0.0,0.0
10,11,8,4,8,0.0,0.0
10,11,8,5,8,0.0,0.0
10,11,8,6,8,0.0,0.0
10,11,8,7,8,0.0,0.0
10,11,8,8,8,0.0,0.0
10,11,8,9,8,0.0,0.0
10,11,8,10,8,0.0,0.0
10,11,8,11,8,0.0,0.0
11,12,1,1,8,0.0,0.0
11,12,1,2,8,0.0,0.0
11,12,1,3,8,0.0,0.0
11,12,1,4,8,0.0,0.0
11,12,1,5,8,0.0,0.0
11,12,1,6,8,0.0,0.0
11,12,1,7,8,0.0,0.0
11,12,1,8,8,0.0,0.0
11,12,1,9,8,0.0,0.0
11,12,1,10,8,0.0,0.0
11,12,1,11,8,0.0,0.0
11,12,2,1,8,93744.70331622683,2307.93924365974
11,12,2,2,8,71313.45552098067,2250.202335373433
11,12,2,3,8,59753.07892366671,1894.683373232849
11,12,2,4,8,56327.2111640646,3649.8150733417233
11,12,2,5,8,41450.28618387472,1211.6369065599094
11,12,2,6,8,17420.411722618544,1316.5262025397506
11,12,2,7,8,0.0,0.0
11,12,2,8,8,0.0,0.0
11,12,2,9,8,0.0,0.0
11,12,2,10,8,0.0,0.0
11,12,2,11,8,0.0,0.0
11,12,3,1,8,39437.1143345694,620.2029103142339
11,12,3,2,8,32300.3970981217,510.35380080030643
11,12,3,3,8,26205.61108742504,569.2316612857996
11,12,3,4,8,23070.357191583324,472.65298596539805
11,12,3,5,8,29914.69944168247,575.5895603894701
11,12,3,6,8,15118.193434559333,686.6394527422214
11,12,3,7,8,6158.5517633011805,226.18134926855075
11,12,3,8,8,3281.043762908753,231.00337532792176
11,12,3,9,8,0.0,0.0
11,12,3,10,8,0.0,0.0
11,12,3,11,8,0.0,0.0
11,12,4,1,8,21007.83911923036,257.6491828447975
11,12,4,2,8,16665.948679747344,280.4488352224133
11,12,4,3,8,14680.085689928777,262.69305832191566
11,12,4,4,8,11791.50247972371,254.80721628693092
11,12,4,5,8,16481.648844605614,312.92674808040556
11,12,4,6,8,9864.960324204421,204.69876048564475
11,12,4,7,8,5738.423883546481,205.1744835754863
11,12,4,8,8,2096.6838887595104,86.3040984672115
11,12,4,9,8,187.7003292654766,17.862722256744505
11,12,4,10,8,0.0,0.0
11,12,4,11,8,0.0,0.0
11,12,5,1,8,12183.112757417386,139.42381544140503
11,12,5,2,8,9595.305736552289,175.69392329059107
11,12,5,3,8,8185.8059218494955,191.91377819824092
11,12,5,4,8,6206.754574530291,150.82330308382362
11,12,5,5,8,9416.014465933364,191.06820883188135
11,12,5,6,8,5434.587164559681,140.02221822367576
11,12,5,7,8,2814.160908097654,103.85877054651378
11,12,5,8,8,1014.6790209898933,41.51422577196423
11,12,5,9,8,181.34400462812548,34.78960617246474
11,12,5,10,8,0.0,0.0
11,12,5,11,8,0.0,0.0
11,12,6,1,8,6409.553710396975,81.46615684219822
11,12,6,2,8,5141.9277130068385,99.87051108746346
11,12,6,3,8,4047.861554545257,124.26560697846554
11,12,6,4,8,2612.1967800372286,92.49231408620757
11,12,6,5,8,3156.8145851965246,122.67928586023028
11,12,6,6,8,1378.4725321205242,67.06453711639561
11,12,6,7,8,377.08184446188176,22.122305671506343
11,12,6,8,8,89.93976269295567,13.102544984576578
11,12,6,9,8,0.0,0.0
11,12,6,10,8,0.0,0.0
11,12,6,11,8,0.0,0.0
11,12,7,1,8,1274.548952602439,32.005781501995976
11,12,7,2,8,848.1956880770008,39.202096387964296
11,12,7,3,8,335.98442111317456,26.24982298656428
11,12,7,4,8,119.74115907015124,13.373880876769944
11,12,7,5,8,51.063766984593606,7.454331415797423
11,12,7,6,8,0.0,0.0
11,12,7,7,8,0.0,0.0
11,12,7,8,8,0.0,0.0
11,12,7,9,8,0.0,0.0
11,12,7,10,8,0.0,0.0
11,12,7,11,8,0.0,0.0
11,12,8,1,8,0.0,0.0
11,12,8,2,8,0.0,0.0
11,12,8,3,8,0.0,0.0
11,12,8,4,8,0.0,0.0
11,12,8,5,8,0.0,0.0
11,12,8,6,8,0.0,0.0
11,12,8,7,8,0.0,0.0
11,12,8,8,8,0.0,0.0
11,12,8,9,8,0.0,0.0
11,12,8,10,8,0.0,0.0
11,12,8,11,8,0.0,0.0
12,13,1,1,8,0.0,0.0
12,13,1,2,8,0.0,0.0
12,13,1,3,8,0.0,0.0
12,13,1,4,8,0.0,0.0
12,13,1,5,8,0.0,0.0
12,13,1,6,8,0.0,0.0
12,13,1,7,8,0.0,0.0
12,13,1,8,8,0.0,0.0
12,13,1,9,8,0.0,0.0
12,13,1,10,8,0.0,0.0
12,13,1,11,8,0.0,0.0
12,13,2,1,8,123144.06022285145,5105.029138283624
12,13,2,2,8,100942.86209472617,7091.780522506912
12,13,2,3,8,54224.14514242578,2586.4435908673677
12,13,2,4,8,33796.7472396808,2700.5351158841677
12,13,2,5,8,22555.766767784706,1060.8460803144974
12,13,2,6,8,0.0,0.0
12,13,2,7,8,0.0,0.0
12,13,2,8,8,0.0,0.0
12,13,2,9,8,0.0,0.0
12,13,2,10,8,0.0,0.0
12,13,2,11,8,0.0,0.0
12,13,3,1,8,57993.175735409684,980.8586146324823
12,13,3,2,8,42068.20856319388,790.5599770087642
12,13,3,3,8,33064.142373835944,868.1807177950577
12,13,3,4,8,31537.01109784272,2095.7551683712613
12,13,3,5,8,22556.93819097914,494.5621394384698
12,13,3,6,8,7782.182634394485,367.99625072117266
12,13,3,7,8,1117.4427226438763,103.75273764952148
12,13,3,8,8,0.0,0.0
12,13,3,9,8,0.0,0.0
12,13,3,10,8,0.0,0.0
12,13,3,11,8,0.0,0.0
12,13,4,1,8,30420.38499053536,360.9731842472352
12,13,4,2,8,22987.730550152075,352.64680150257374
12,13,4,3,8,17540.30858993224,292.0195247164036
12,13,4,4,8,12099.58792486818,268.0932124500951
12,13,4,5,8,14044.697160324007,410.8205021206767
12,13,4,6,8,3595.6475635252386,120.0063363763637
12,13,4,7,8,820.4697012800518,60.72467731464624
12,13,4,8,8,28.479904031352483,8.043655435000854
12,13,4,9,8,0.0,0.0
12,13,4,10,8,0.0,0.0
12,13,4,11,8,0.0,0.0
12,13,5,1,8,15864.009984907343,152.65968818011393
12,13,5,2,8,10361.046606085032,153.35622218350758
12,13,5,3,8,7097.4300085226305,151.10978902999634
12,13,5,4,8,4213.405846427419,124.66265396213771
12,13,5,5,8,4243.54545249017,116.3694859607356
12,13,5,6,8,1128.848691238077,73.73766026515638
12,13,5,7,8,137.4902147958831,14.707357329578562
12,13,5,8,8,0.0,0.0
12,13,5,9,8,0.0,0.0
12,13,5,10,8,0.0,0.0
12,13,5,11,8,0.0,0.0
12,13,6,1,8,3523.8319039115922,57.89746873380402
12,13,6,2,8,2143.630592703954,57.229004824076966
12,13,6,3,8,1336.7164808954062,72.58374270033256
12,13,6,4,8,407.30864440544934,30.838921660823786
12,13,6,5,8,287.91413608743136,24.290805838428454
12,13,6,6,8,0.0,0.0
12,13,6,7,8,0.0,0.0
12,13,6,8,8,0.0,0.0
12,13,6,9,8,0.0,0.0
12,13,6,10,8,0.0,0.0
12,13,6,11,8,0.0,0.0
12,13,7,1,8,65.62218513944181,12.232905922716382
12,13,7,2,8,0.0,0.0
12,13,7,3,8,0.0,0.0
12,13,7,4,8,0.0,0.0
12,13,7,5,8,0.0,0.0
12,13,7,6,8,0.0,0.0
12,13,7,7,8,0.0,0.0
12,13,7,8,8,0.0,0.0
12,13,7,9,8,0.0,0.0
12,13,7,10,8,0.0,0.0
12,13,7,11,8,0.0,0.0
12,13,8,1,8,0.0,0.0
12,13,8,2,8,0.0,0.0
12,13,8,3,8,0.0,0.0
12,13,8,4,8,0.0,0.0
12,13,8,5,8,0.0,0.0
12,13,8,6,8,0.0,0.0
12,13,8,7,8,0.0,0.0
12,13,8,8,8,0.0,0.0
12,13,8,9,8,0.0,0.0
12,13,8,10,8,0.0,0.0
12,13,8,11,8,0.0,0.0
13,14,1,1,8,863741.0852835915,28329.054227734858
13,14,1,2,8,487997.01778163086,14000.997140703483
13,14,1,3,8,276599.94314557244,4745.92481003649
13,14,1,4,8,146388.8901423163,2832.8594329541397
13,14,1,5,8,152431.30160850083,3182.3771020840954
13,14,1,6,8,25545.825950450453,5146.896845955718
13,14,1,7,8,0.0,0.0
13,14,1,8,8,0.0,0.0
13,14,1,9,8,0.0,0.0
13,14,1,10,8,0.0,0.0
13,14,1,11,8,0.0,0.0
13,14,2,1,8,167635.00276939728,3843.4091090743395
13,14,2,2,8,78825.62452929848,2696.92267507641
13,14,2,3,8,59253.408191336064,878.1744760380168
13,14,2,4,8,45103.57025986825,510.8309741844147
13,14,2,5,8,55455.43357288673,514.5276683891558
13,14,2,6,8,30027.799598217895,355.79054711258004
13,14,2,7,8,16286.742230630618,271.2491011457371
13,14,2,8,8,13629.841234138741,340.5433178757249
13,14,2,9,8,5745.473921912132,531.8420516340606
13,14,2,10,8,0.0,0.0
13,14,2,11,8,0.0,0.0
13,14,3,1,8,43318.35177314621,978.7155147471603
13,14,3,2,8,35999.73408287931,1035.4938353532953
13,14,3,3,8,27645.309182642755,744.8734740768275
13,14,3,4,8,23572.089959383098,504.6245547835765
13,14,3,5,8,31853.20974017952,427.9519600917202
13,14,3,6,8,19009.25480291826,252.65170858757008
13,14,3,7,8,10762.635930535791,158.77061113648156
13,14,3,8,8,8496.225896057378,116.55770878448376
13,14,3,9,8,4184.874650121681,81.80412973343566
13,14,3,10,8,2224.000038424094,69.10380447643446
13,14,3,11,8,993.9726551240798,78.66419188669622
13,14,4,1,8,18599.048642771828,595.6534005349503
13,14,4,2,8,17182.215220330807,708.9085268133033
13,14,4,3,8,12921.116792465242,698.2242895036213
13,14,4,4,8,9304.450645967132,165.29229834917155
13,14,4,5,8,14262.86445583951,353.9808500957481
13,14,4,6,8,11723.169553584825,437.7991710761962
13,14,4,7,8,7656.648455595733,314.42252692176424
13,14,4,8,8,6579.371256260938,163.39552969871673
13,14,4,9,8,3437.303728953487,74.82736252233978
13,14,4,10,8,2000.9263810547268,48.41032211033282
13,14,4,11,8,1072.440159024196,31.716576710914566
13,14,5,1,8,11210.575032867364,286.37131040892854
13,14,5,2,8,7207.9292909734195,227.95416731691463
13,14,5,3,8,6229.384771619968,169.6419192038929
13,14,5,4,8,5350.270094167902,154.44775958292996
13,14,5,5,8,8048.18316370657,129.53895707196733
13,14,5,6,8,5768.454462340729,85.97381932277233
13,14,5,7,8,4158.330524347727,66.69868874353567
13,14,5,8,8,3857.7239521293986,61.81436690809089
13,14,5,9,8,2436.400246702438,95.77316654974152
13,14,5,10,8,1606.4329733963373,49.18717333330286
13,14,5,11,8,968.4884795714104,31.88965246627431
13,14,6,1,8,6402.723754200384,150.4717304071904
13,14,6,2,8,4725.954418425382,181.74505435096805
13,14,6,3,8,3503.229033882645,109.73868012682846
13,14,6,4,8,3235.009673515865,91.49953463440697
13,14,6,5,8,5054.603430762048,118.98610802530986
13,14,6,6,8,3787.865052898623,77.98413895979955
13,14,6,7,8,2826.565780831181,55.90375881874453
13,14,6,8,8,2690.8915335590254,49.05869810424472
13,14,6,9,8,1511.832118651611,34.196871606006184
13,14,6,10,8,1024.436345429113,27.40096500434775
13,14,6,11,8,429.5778312840913,16.96082351054514
13,14,7,1,8,3850.0067822120714,100.17923330191908
13,14,7,2,8,3184.1404170891437,137.35924721272357
13,14,7,3,8,2533.664893382758,152.450299031931
13,14,7,4,8,1994.9226892329957,68.7041101668272
13,14,7,5,8,2861.9566872855316,82.18515257772084
13,14,7,6,8,1923.3399676668832,77.33949074726357
13,14,7,7,8,1337.200069389017,41.74987716766666
13,14,7,8,8,1118.0711389494115,33.877947079077614
13,14,7,9,8,522.8200559757365,22.771972763113155
13,14,7,10,8,199.6571755227875,14.63712934788671
13,14,7,11,8,0.0,0.0
13,14,8,1,8,981.4757919978454,48.5109777200998
13,14,8,2,8,538.60700698158,29.62154265796262
13,14,8,3,8,326.63250921299425,25.44689285813022
13,14,8,4,8,224.81734272066154,15.383425030185515
13,14,8,5,8,297.06505495084514,28.254036003875616
13,14,8,6,8,0.0,0.0
13,14,8,7,8,0.0,0.0
13,14,8,8,8,0.0,0.0
13,14,8,9,8,0.0,0.0
13,14,8,10,8,0.0,0.0
13,14,8,11,8,0.0,0.0
14,15,1,1,8,615420.5427366125,23298.540313276808
14,15,1,2,8,304456.9770647484,17015.002826321357
14,15,1,3,8,177089.83110309154,4768.575220839166
14,15,1,4,8,93051.3978415694,3565.6525387896977
14,15,1,5,8,90123.02668787108,5383.011034185223
14,15,1,6,8,0.0,0.0
14,15,1,7,8,0.0,0.0
14,15,1,8,8,0.0,0.0
14,15,1,9,8,0.0,0.0
14,15,1,10,8,0.0,0.0
14,15,1,11,8,0.0,0.0
14,15,2,1,8,75065.34327131846,1731.477412786375
14,15,2,2,8,58807.860872449935,1842.013248426871
14,15,2,3,8,43642.46043464807,716.8025098471044
14,15,2,4,8,33316.34441287621,464.0675242043474
14,15,2,5,8,39328.58306705854,497.7377060175112
14,15,2,6,8,22098.257220420215,419.2466028711507
14,15,2,7,8,12878.771798705113,445.91744874852003
14,15,2,8,8,8169.962404996795,801.9073582464326
14,15,2,9,8,0.0,0.0
14,15,2,10,8,0.0,0.0
14,15,2,11,8,0.0,0.0
14,15,3,1,8,31050.558467533046,604.0450140911925
14,15,3,2,8,25616.606439335552,498.9447765892879
14,15,3,3,8,21015.008085945683,595.2192419312406
14,15,3,4,8,15333.840436958824,336.38496064056244
14,15,3,5,8,22577.34861833238,313.92877995487333
14,15,3,6,8,13324.723529361807,204.7104250225991
14,15,3,7,8,7576.65477306985,141.40370142032688
14,15,3,8,8,5459.037441892709,125.4645166337376
14,15,3,9,8,2587.558805732895,100.6800968490805
14,15,3,10,8,880.1949979334142,83.24208242583093
14,15,3,11,8,0.0,0.0
14,15,4,1,8,15023.980849546924,269.01839949661735
14,15,4,2,8,13061.97958861483,354.4860796659868
14,15,4,3,8,10759.602582880538,289.90218139659663
14,15,4,4,8,9128.39398359629,332.51283400396295
14,15,4,5,8,12449.355697588047,321.429024527872
14,15,4,6,8,7917.739813474075,205.3009285965299
14,15,4,7,8,5172.054576092614,162.0745922673745
14,15,4,8,8,4345.133214596468,122.5457003589476
14,15,4,9,8,1960.0307813919767,60.23289124914477
14,15,4,10,8,861.0799269824424,33.90067464353638
14,15,4,11,8,230.1186918846341,17.755388121206394
14,15,5,1,8,8267.618631444888,142.12152513175178
14,15,5,2,8,6866.8853956845915,226.4804536968207
14,15,5,3,8,5343.6419066942835,247.14033816966204
14,15,5,4,8,3784.5932991499367,101.15291522863704
14,15,5,5,8,7328.227123713942,259.9625602259339
14,15,5,6,8,5168.206674977687,253.02097382580828
14,15,5,7,8,2889.0298002158197,52.301168818961486
14,15,5,8,8,2821.1796038912257,102.04721069475883
14,15,5,9,8,1247.7171699155988,30.789851078317625
14,15,5,10,8,608.4715518604337,21.01832464843034
14,15,5,11,8,141.9985590475887,10.29519620633777
14,15,6,1,8,4965.756960612136,89.44579953747927
14,15,6,2,8,4595.545491708631,134.65205182624055
14,15,6,3,8,3930.1415745527065,173.64955777032782
14,15,6,4,8,2536.9401399617645,69.45023846706019
14,15,6,5,8,3820.2025003680947,84.37513662204509
14,15,6,6,8,3057.87888915106,171.63068518469603
14,15,6,7,8,1771.864519908478,41.28329373012482
14,15,6,8,8,1400.1745239201223,33.587688906270785
14,15,6,9,8,579.5132433665561,21.49718691658622
14,15,6,10,8,191.28386257031588,13.102780052974149
14,15,6,11,8,0.0,0.0
14,15,7,1,8,2744.923249352367,54.26863049908416
14,15,7,2,8,2220.981963766114,63.071645000743445
14,15,7,3,8,1421.4411843838827,51.608521204275306
14,15,7,4,8,1104.7965822737458,46.684892146119125
14,15,7,5,8,1419.0890692108007,45.91765877339109
14,15,7,6,8,598.6886853768003,23.891819087501386
14,15,7,7,8,336.12831032388266,19.281930175766497
14,15,7,8,8,199.4986683729014,15.792570342851915
14,15,7,9,8,0.0,0.0
14,15,7,10,8,0.0,0.0
14,15,7,11,8,0.0,0.0
14,15,8,1,8,109.8524459897434,13.534087857989231
14,15,8,2,8,0.0,0.0
14,15,8,3,8,0.0,0.0
14,15,8,4,8,0.0,0.0
14,15,8,5,8,0.0,0.0
14,15,8,6,8,0.0,0.0
14,15,8,7,8,0.0,0.0
14,15,8,8,8,0.0,0.0
14,15,8,9,8,0.0,0.0
14,15,8,10,8,0.0,0.0
14,15,8,11,8,0.0,0.0
15,16,1,1,8,1519810.552021943,163712.40642807566
15,16,1,2,8,458841.7796345687,29177.631683298496
15,16,1,3,8,216241.36978716988,12602.988726220816
15,16,1,4,8,67355.19657276847,6125.96789696382
15,16,1,5,8,0.0,0.0
15,16,1,6,8,0.0,0.0
15,16,1,7,8,0.0,0.0
15,16,1,8,8,0.0,0.0
15,16,1,9,8,0.0,0.0
15,16,1,10,8,0.0,0.0
15,16,1,11,8,0.0,0.0
15,16,2,1,8,155388.6381199691,2601.294679490654
15,16,2,2,8,114981.80747284043,2178.1695534612213
15,16,2,3,8,84250.14004222688,1553.3500860138743
15,16,2,4,8,58431.79425446595,1003.1916997991991
15,16,2,5,8,66865.39274614697,1369.0265194194867
15,16,2,6,8,34290.559913209916,2362.437447080526
15,16,2,7,8,6051.780477221429,606.7249650396196
15,16,2,8,8,0.0,0.0
15,16,2,9,8,0.0,0.0
15,16,2,10,8,0.0,0.0
15,16,2,11,8,0.0,0.0
15,16,3,1,8,68215.74893913236,746.8026010403737
15,16,3,2,8,51652.72772931311,671.1883716795317
15,16,3,3,8,41167.822979533645,524.1487317454739
15,16,3,4,8,32542.06626431122,492.45561856022687
15,16,3,5,8,41237.61239612904,459.37414439191355
15,16,3,6,8,19630.22839838157,309.0380200606226
15,16,3,7,8,8732.18953493245,232.38902972161407
15,16,3,8,8,4136.135726674976,209.52839083266147
15,16,3,9,8,217.39145787293126,27.43090751068371
15,16,3,10,8,0.0,0.0
15,16,3,11,8,0.0,0.0
15,16,4,1,8,37180.29209002169,308.44015947409673
15,16,4,2,8,28773.6566293982,384.77987318052027
15,16,4,3,8,21756.548501653233,292.13596861351436
15,16,4,4,8,16850.826182366232,250.83094550268603
15,16,4,5,8,22526.45527285919,307.65994022527406
15,16,4,6,8,11541.864635017986,210.36505903024357
15,16,4,7,8,5592.681724279971,138.51805594594364
15,16,4,8,8,3204.7409970057647,100.72528936154433
15,16,4,9,8,756.1948132568156,43.344024772680385
15,16,4,10,8,81.99988993622092,9.51674275776472
15,16,4,11,8,0.0,0.0
15,16,5,1,8,19685.901119191913,166.52061030903047
15,16,5,2,8,14530.88486265197,188.81054370090513
15,16,5,3,8,10584.275065589653,182.28222442488325
15,16,5,4,8,8234.0935554578,178.88617307522333
15,16,5,5,8,10548.541871461635,203.91645673651217
15,16,5,6,8,5963.928976286822,157.39971748073606
15,16,5,7,8,3023.596618345703,119.68884168038086
15,16,5,8,8,1488.2271598618563,68.75052373639322
15,16,5,9,8,359.0622778420369,17.60994510943482
15,16,5,10,8,67.53405480973423,11.133168200452673
15,16,5,11,8,0.0,0.0
15,16,6,1,8,7595.0310453445445,92.07242421669449
15,16,6,2,8,5722.0326354539675,94.89347210795145
15,16,6,3,8,4397.691030132665,100.29338102169271
15,16,6,4,8,2905.1379265391215,88.29358723292991
15,16,6,5,8,3127.5653242386347,90.6066921211811
15,16,6,6,8,1635.4877759933124,73.29043030799268
15,16,6,7,8,557.1951612974866,22.832137973875785
15,16,6,8,8,312.8065751216469,17.10780396031232
15,16,6,9,8,0.0,0.0
15,16,6,10,8,0.0,0.0
15,16,6,11,8,0.0,0.0
15,16,7,1,8,1344.5207621678308,34.00893245795815
15,16,7,2,8,1072.1134862972294,36.95122298448792
15,16,7,3,8,559.5742916418776,31.132531617406695
15,16,7,4,8,292.44762516938516,23.545848136373735
15,16,7,5,8,334.40797898573675,25.9147486377933
15,16,7,6,8,51.21485913328104,8.537559179349413
15,16,7,7,8,0.0,0.0
15,16,7,8,8,0.0,0.0
15,16,7,9,8,0.0,0.0
15,16,7,10,8,0.0,0.0
15,16,7,11,8,0.0,0.0
15,16,8,1,8,0.0,0.0
15,16,8,2,8,0.0,0.0
15,16,8,3,8,0.0,0.0
15,16,8,4,8,0.0,0.0
15,16,8,5,8,0.0,0.0
15,16,8,6,8,0.0,0.0
15,16,8,7,8,0.0,0.0
15,16,8,8,8,0.0,0.0
15,16,8,9,8,0.0,0.0
15,16,8,10,8,0.0,0.0
15,16,8,11,8,0.0,0.0
16,17,1,1,8,1510752.1239543841,111063.01539902398
16,17,1,2,8,423460.9114310123,13177.330495677197
16,17,1,3,8,216175.18021509954,5070.698063896997
16,17,1,4,8,122680.0533973831,3146.767635903327
16,17,1,5,8,109540.14267317545,5078.102642676295
16,17,1,6,8,0.0,0.0
16,17,1,7,8,0.0,0.0
16,17,1,8,8,0.0,0.0
16,17,1,9,8,0.0,0.0
16,17,1,10,8,0.0,0.0
16,17,1,11,8,0.0,0.0
16,17,2,1,8,158634.299538758,2853.805049555766
16,17,2,2,8,92111.8211590943,1698.294933715043
16,17,2,3,8,69204.52318627769,1027.9073903699777
16,17,2,4,8,49732.209397782135,584.4660916553828
16,17,2,5,8,58431.280498655484,540.5527708589036
16,17,2,6,8,27566.496002961212,412.7572461108609
16,17,2,7,8,13040.426933233628,365.5743920547285
16,17,2,8,8,9597.615234923596,493.7031094869426
16,17,2,9,8,0.0,0.0
16,17,2,10,8,0.0,0.0
16,17,2,11,8,0.0,0.0
16,17,3,1,8,53188.718712608636,775.9420486270408
16,17,3,2,8,42821.35928378432,604.597767114061
16,17,3,3,8,33562.29787568278,515.51052714863
16,17,3,4,8,26712.94174724772,449.391590938077
16,17,3,5,8,35514.18292281399,451.9205602868132
16,17,3,6,8,18282.846046123523,247.9973927185587
16,17,3,7,8,9728.556597435747,156.20780364636903
16,17,3,8,8,5897.042971167767,111.08397426120627
16,17,3,9,8,2195.481591059329,70.75107735799406
16,17,3,10,8,535.4111806215516,37.93021033772248
16,17,3,11,8,0.0,0.0
16,17,4,1,8,27996.128560337555,332.0142460923542
16,17,4,2,8,22835.280628437697,455.2160738007825
16,17,4,3,8,17872.475455805325,364.94985121730275
16,17,4,4,8,14499.664893389172,327.21217315051564
16,17,4,5,8,19850.05971534789,395.79379784817377
16,17,4,6,8,11628.074509773845,306.3995042013512
16,17,4,7,8,5880.075681584889,186.29934912127234
16,17,4,8,8,4739.406186484936,165.94503755375882
16,17,4,9,8,1780.2868702144042,84.35949642232632
16,17,4,10,8,598.4514414662264,20.93273327907407
16,17,4,11,8,188.42475597875824,12.072428517955887
16,17,5,1,8,14336.077662235282,191.3259740175039
16,17,5,2,8,11762.323503683721,202.51176487324162
16,17,5,3,8,9138.929134393766,225.80027915044155
16,17,5,4,8,7383.1733778310445,230.17509986569098
16,17,5,5,8,9848.848793785604,388.49164071608084
16,17,5,6,8,6231.374860023603,286.3611044119486
16,17,5,7,8,3007.8059827356155,55.0043188909952
16,17,5,8,8,2244.3606602337295,43.00176242855208
16,17,5,9,8,1067.121364352794,28.377506793779617
16,17,5,10,8,456.1181073206482,17.701286916019953
16,17,5,11,8,112.84593229975889,8.297204779565211
16,17,6,1,8,6924.3582385021555,107.60224123552473
16,17,6,2,8,5660.611513584519,120.76259360295386
16,17,6,3,8,4458.022659960463,133.5510545546797
16,17,6,4,8,3393.7061181479357,112.25489892399621
16,17,6,5,8,5418.567886459908,328.3059676594668
16,17,6,6,8,2425.9001383132645,55.347822057165345
16,17,6,7,8,1438.3230454750058,39.02713512497197
16,17,6,8,8,1142.823375408722,31.459059355891075
16,17,6,9,8,466.31707601194506,18.924383843288624
16,17,6,10,8,162.0185810150951,11.977658243513133
16,17,6,11,8,0.0,0.0
16,17,7,1,8,2506.5649687642244,58.259931310224424
16,17,7,2,8,2012.8140587860419,67.8739557459777
16,17,7,3,8,1065.989428293951,49.33956652230265
16,17,7,4,8,842.213030729543,34.88703527329827
16,17,7,5,8,1086.2570802626144,38.99347491879067
16,17,7,6,8,609.0724579157135,29.72738561873492
16,17,7,7,8,433.00576685502557,45.40793037355282
16,17,7,8,8,102.58256232950762,9.612334393802396
16,17,7,9,8,0.0,0.0
16,17,7,10,8,0.0,0.0
16,17,7,11,8,0.0,0.0
16,17,8,1,8,0.0,0.0
16,17,8,2,8,0.0,0.0
16,17,8,3,8,0.0,0.0
16,17,8,4,8,0.0,0.0
16,17,8,5,8,0.0,0.0
16,17,8,6,8,0.0,0.0
16,17,8,7,8,0.0,0.0
16,17,8,8,8,0.0,0.0
16,17,8,9,8,0.0,0.0
16,17,8,10,8,0.0,0.0
16,17,8,11,8,0.0,0.0
17,18,1,1,8,0.0,0.0
17,18,1,2,8,0.0,0.0
17,18,1,3,8,0.0,0.0
17,18,1,4,8,0.0,0.0
17,18,1,5,8,0.0,0.0
17,18,1,6,8,0.0,0.0
17,18,1,7,8,0.0,0.0
17,18,1,8,8,0.0,0.0
17,18,1,9,8,0.0,0.0
17,18,1,10,8,0.0,0.0
17,18,1,11,8,0.0,0.0
17,18,2,1,8,0.0,0.0
17,18,2,2,8,0.0,0.0
17,18,2,3,8,0.0,0.0
17,18,2,4,8,0.0,0.0
17,18,2,5,8,0.0,0.0
17,18,2,6,8,0.0,0.0
17,18,2,7,8,0.0,0.0
17,18,2,8,8,0.0,0.0
17,18,2,9,8,0.0,0.0
17,18,2,10,8,0.0,0.0
17,18,2,11,8,0.0,0.0
17,18,3,1,8,0.0,0.0
17,18,3,2,8,0.0,0.0
17,18,3,3,8,0.0,0.0
17,18,3,4,8,0.0,0.0
17,18,3,5,8,0.0,0.0
17,18,3,6,8,0.0,0.0
17,18,3,7,8,0.0,0.0
17,18,3,8,8,0.0,0.0
17,18,3,9,8,0.0,0.0
17,18,3,10,8,0.0,0.0
17,18,3,11,8,0.0,0.0
17,18,4,1,8,0.0,0.0
17,18,4,2,8,0.0,0.0
17,18,4,3,8,0.0,0.0
17,18,4,4,8,0.0,0.0
17,18,4,5,8,0.0,0.0
17,18,4,6,8,0.0,0.0
17,18,4,7,8,0.0,0.0
17,18,4,8,8,0.0,0.0
17,18,4,9,8,0.0,0.0
17,18,4,10,8,0.0,0.0
17,18,4,11,8,0.0,0.0
17,18,5,1,8,0.0,0.0
17,18,5,2,8,0.0,0.0
17,18,5,3,8,0.0,0.0
17,18,5,4,8,0.0,0.0
17,18,5,5,8,0.0,0.0
17,18,5,6,8,0.0,0.0
17,18,5,7,8,0.0,0.0
17,18,5,8,8,0.0,0.0
17,18,5,9,8,0.0,0.0
17,18,5,10,8,0.0,0.0
17,18,5,11,8,0.0,0.0
17,18,6,1,8,0.0,0.0
17,18,6,2,8,0.0,0.0
17,18,6,3,8,0.0,0.0
17,18,6,4,8,0.0,0.0
17,18,6,5,8,0.0,0.0
17,18,6,6,8,0.0,0.0
17,18,6,7,8,0.0,0.0
17,18,6,8,8,0.0,0.0
17,18,6,9,8,0.0,0.0
17,18,6,10,8,0.0,0.0
17,18,6,11,8,0.0,0.0
17,18,7,1,8,0.0,0.0
17,18,7,2,8,0.0,0.0
17,18,7,3,8,0.0,0.0
17,18,7,4,8,0.0,0.0
17,18,7,5,8,0.0,0.0
17,18,7,6,8,0.0,0.0
17,18,7,7,8,0.0,0.0
17,18,7,8,8,0.0,0.0
17,18,7,9,8,0.0,0.0
17,18,7,10,8,0.0,0.0
17,18,7,11,8,0.0,0.0
17,18,8,1,8,0.0,0.0
17,18,8,2,8,0.0,0.0
17,18,8,3,8,0.0,0.0
17,18,8,4,8,0.0,0.0
17,18,8,5,8,0.0,0.0
17,18,8,6,8,0.0,0.0
17,18,8,7,8,0.0,0.0
17,18,8,8,8,0.0,0.0
17,18,8,9,8,0.0,0.0
17,18,8,10,8,0.0,0.0
17,18,8,11,8,0.0,0.0
18,19,1,1,8,7185138.366357311,269941.7761074081
18,19,1,2,8,2321409.739541622,72489.79304178114
18,19,1,3,8,1056623.1858792647,36130.79580141833
18,19,1,4,8,504405.8931605107,10655.310624337546
18,19,1,5,8,489155.12799165584,7978.902829043192
18,19,1,6,8,183334.04191361036,7213.008833288332
18,19,1,7,8,0.0,0.0
18,19,1,8,8,0.0,0.0
18,19,1,9,8,0.0,0.0
18,19,1,10,8,0.0,0.0
18,19,1,11,8,0.0,0.0
18,19,2,1,8,571791.6359859128,8721.308458562045
18,19,2,2,8,567140.7987273339,12271.379739370228
18,19,2,3,8,225525.76554926735,4157.0415145589495
18,19,2,4,8,160210.08224498184,2815.1249419084274
18,19,2,5,8,200461.8929439539,1789.8718044314567
18,19,2,6,8,112729.41155835296,1027.1759348228068
18,19,2,7,8,62020.56787956454,919.8449922145563
18,19,2,8,8,45533.07890840227,846.5645464108005
18,19,2,9,8,17677.8421712889,666.1630327746709
18,19,2,10,8,2756.3200622104177,424.29543250065046
18,19,2,11,8,0.0,0.0
18,19,3,1,8,241464.5398954657,5122.345706759986
18,19,3,2,8,131584.7578322053,8347.432438801081
18,19,3,3,8,96781.52540632543,1740.0688484658685
18,19,3,4,8,82404.22314337266,1247.277133741201
18,19,3,5,8,113696.21490978936,1441.7097625371916
18,19,3,6,8,68775.53384388928,739.923847860784
18,19,3,7,8,41903.001468978706,457.809675121692
18,19,3,8,8,32873.17136972954,376.93047602104645
18,19,3,9,8,15696.896559889845,241.94125420589273
18,19,3,10,8,9182.057381537184,195.99145985128553
18,19,3,11,8,5071.008282923335,180.99651463845177
18,19,4,1,8,69780.00286649978,1999.5034619740613
18,19,4,2,8,47011.19670152209,1437.9657840956122
18,19,4,3,8,38071.22605288199,1048.3725900336071
18,19,4,4,8,46775.62536961163,3077.1076699919986
18,19,4,5,8,64571.14740160573,1346.668064257914
18,19,4,6,8,42847.36888706365,861.1264782256358
18,19,4,7,8,27170.042736871757,460.6694516613477
18,19,4,8,8,24782.728249118518,319.8753070473148
18,19,4,9,8,13119.144551196132,195.38200162928868
18,19,4,10,8,7749.798715936302,144.39594597941885
18,19,4,11,8,4479.413294030026,101.86525376215057
18,19,5,1,8,32768.63491497839,1425.337132017107
18,19,5,2,8,22146.699957066623,1547.5942681770855
18,19,5,3,8,21574.45952892235,939.4152198761188
18,19,5,4,8,18925.686561094604,567.0428253697946
18,19,5,5,8,28983.772248485322,479.7131818066137
18,19,5,6,8,20789.411337601166,323.98705302297196
18,19,5,7,8,14540.125365123156,221.30197169523012
18,19,5,8,8,16828.629903824007,428.7266792758555
18,19,5,9,8,9428.969003486254,206.79697401351464
18,19,5,10,8,6071.796151515875,122.71635304117673
18,19,5,11,8,3788.8650075594164,84.68085853280166
18,19,6,1,8,18107.440367140312,654.2067495916056
18,19,6,2,8,7162.616740878664,175.36253020899616
18,19,6,3,8,6726.078059441648,182.32440970802617
18,19,6,4,8,9635.912658370624,463.02551503295604
18,19,6,5,8,17102.35513729065,439.4196890496715
18,19,6,6,8,13035.58312822386,289.7247074141601
18,19,6,7,8,9520.894976305157,203.92241369242274
18,19,6,8,8,8763.392108435884,158.55325089434723
18,19,6,9,8,5672.865359635542,209.64937025071214
18,19,6,10,8,4033.325667715124,135.57761849228737
18,19,6,11,8,2399.235539393067,71.68308566600746
18,19,7,1,8,10295.77184943889,410.30493668378176
18,19,7,2,8,3880.464625731135,111.16504020163813
18,19,7,3,8,3278.9657322736075,106.51784607437085
18,19,7,4,8,4331.343259350511,442.79560651307924
18,19,7,5,8,8362.567378545644,272.2749690962635
18,19,7,6,8,6880.65158458398,237.70592541630637
18,19,7,7,8,4309.821649525238,144.0849516554404
18,19,7,8,8,4020.9737944506614,115.31844177011476
18,19,7,9,8,2118.527553145449,74.3759710797784
18,19,7,10,8,1217.1696595605458,52.29435834027962
18,19,7,11,8,408.2100275847449,23.672484961791877
18,19,8,1,8,2646.685281556417,216.96524835648978
18,19,8,2,8,1111.1392351015716,57.00704398374975
18,19,8,3,8,917.7183595809381,52.615015432238444
18,19,8,4,8,729.7936300356423,55.60451962493093
18,19,8,5,8,978.6675924770088,63.42739841634445
18,19,8,6,8,653.3779453163841,69.21078862191536
18,19,8,7,8,463.6205300958924,39.06987097700277
18,19,8,8,8,315.46597211618655,44.25461991316846
18,19,8,9,8,50.78401914937193,14.866909518364283
18,19,8,10,8,0.0,0.0
18,19,8,11,8,0.0,0.0
19,20,1,1,8,0.0,0.0
19,20,1,2,8,0.0,0.0
19,20,1,3,8,0.0,0.0
19,20,1,4,8,0.0,0.0
19,20,1,5,8,0.0,0.0
19,20,1,6,8,0.0,0.0
19,20,1,7,8,0.0,0.0
19,20,1,8,8,0.0,0.0
19,20,1,9,8,0.0,0.0
19,20,1,10,8,0.0,0.0
19,20,1,11,8,0.0,0.0
19,20,2,1,8,265972.8530409642,21710.168658446135
19,20,2,2,8,150886.33675235405,8229.916595864439
19,20,2,3,8,139723.6494135054,5000.8207672451645
19,20,2,4,8,91555.02876059969,4561.140057956948
19,20,2,5,8,97199.66724258094,3867.9887455359167
19,20,2,6,8,26692.88626442293,1697.6144958475788
19,20,2,7,8,0.0,0.0
19,20,2,8,8,0.0,0.0
19,20,2,9,8,0.0,0.0
19,20,2,10,8,0.0,0.0
19,20,2,11,8,0.0,0.0
19,20,3,1,8,90102.71427779569,2125.577601608085
19,20,3,2,8,68588.37500743853,2094.898494284645
19,20,3,3,8,65827.44764114209,2541.5615668867413
19,20,3,4,8,49470.56701282656,1153.6359622090126
19,20,3,5,8,65973.89536216276,1502.007427693387
19,20,3,6,8,34751.56729985032,1768.3137978427894
19,20,3,7,8,13824.790374872331,580.1591401395483
19,20,3,8,8,5931.579253772834,568.1109117700393
19,20,3,9,8,0.0,0.0
19,20,3,10,8,0.0,0.0
19,20,3,11,8,0.0,0.0
19,20,4,1,8,45834.41721144486,902.5298554170498
19,20,4,2,8,35190.13450016643,746.5626869621824
19,20,4,3,8,27480.60978483325,802.8160660242052
19,20,4,4,8,20800.551914578064,642.8080829655443
19,20,4,5,8,33242.330154994415,667.6038513374918
19,20,4,6,8,20778.32638354317,525.9051386248188
19,20,4,7,8,11858.744138701019,499.30976276633453
19,20,4,8,8,6819.248138630932,482.219654480249
19,20,4,9,8,1355.0225536772716,97.54813818578839
19,20,4,10,8,105.10680252123016,21.133912694700363
19,20,4,11,8,0.0,0.0
19,20,5,1,8,24663.95343051365,473.3113758274005
19,20,5,2,8,17673.191430299026,522.098906791009
19,20,5,3,8,15520.996244849955,518.6275390466474
19,20,5,4,8,12486.735804666447,612.5951109854808
19,20,5,5,8,17192.06980825666,503.15500526737395
19,20,5,6,8,9662.562901283294,316.72010735316525
19,20,5,7,8,4679.97048446149,141.84104290117708
19,20,5,8,8,3503.800491490421,166.751902021409
19,20,5,9,8,720.9304739581996,60.247441150247575
19,20,5,10,8,0.0,0.0
19,20,5,11,8,0.0,0.0
19,20,6,1,8,13060.351665484075,251.0775177074482
19,20,6,2,8,8892.258369726585,366.0641903542218
19,20,6,3,8,7087.152720074423,404.7527395920997
19,20,6,4,8,3969.1520336672893,228.23907305060567
19,20,6,5,8,5646.723508107907,214.43735339393038
19,20,6,6,8,2908.173691178019,118.79247728404738
19,20,6,7,8,1516.795914411821,77.51203834882077
19,20,6,8,8,872.6945247067467,46.95113142929493
19,20,6,9,8,111.1182603970392,17.321566034424507
19,20,6,10,8,0.0,0.0
19,20,6,11,8,0.0,0.0
19,20,7,1,8,3745.9609115909457,106.863551611771
19,20,7,2,8,1542.5010434776077,96.2660842616193
19,20,7,3,8,679.6661857650686,37.72652496166741
19,20,7,4,8,468.9459306683113,33.33611500552217
19,20,7,5,8,543.9428040233848,43.89104209350445
19,20,7,6,8,188.0451303549583,16.73875910292154
19,20,7,7,8,0.0,0.0
19,20,7,8,8,0.0,0.0
19,20,7,9,8,0.0,0.0
19,20,7,10,8,0.0,0.0
19,20,7,11,8,0.0,0.0
19,20,8,1,8,0.0,0.0
19,20,8,2,8,0.0,0.0
19,20,8,3,8,0.0,0.0
19,20,8,4,8,0.0,0.0
19,20,8,5,8,0.0,0.0
19,20,8,6,8,0.0,0.0
19,20,8,7,8,0.0,0.0
19,20,8,8,8,0.0,0.0
19,20,8,9,8,0.0,0.0
19,20,8,10,8,0.0,0.0
19,20,8,11,8,0.0,0.0
20,21,1,1,8,0.0,0.0
20,21,1,2,8,0.0,0.0
20,21,1,3,8,0.0,0.0
20,21,1,4,8,0.0,0.0
20,21,1,5,8,0.0,0.0
20,21,1,6,8,0.0,0.0
20,21,1,7,8,0.0,0.0
20,21,1,8,8,0.0,0.0
20,21,1,9,8,0.0,0.0
20,21,1,10,8,0.0,0.0
20,21,1,11,8,0.0,0.0
20,21,2,1,8,0.0,0.0
20,21,2,2,8,0.0,0.0
20,21,2,3,8,0.0,0.0
20,21,2,4,8,0.0,0.0
20,21,2,5,8,0.0,0.0
20,21,2,6,8,0.0,0.0
20,21,2,7,8,0.0,0.0
20,21,2,8,8,0.0,0.0
20,21,2,9,8,0.0,0.0
20,21,2,10,8,0.0,0.0
20,21,2,11,8,0.0,0.0
20,21,3,1,8,38614.862866211886,2591.134607817472
20,21,3,2,8,8278.688546496778,1019.5332602259967
20,21,3,3,8,2552.548107566961,381.932190881819
20,21,3,4,8,7689.65016326263,848.9522240762783
20,21,3,5,8,3327.7970016513264,564.0320505917913
20,21,3,6,8,0.0,0.0
20,21,3,7,8,0.0,0.0
20,21,3,8,8,0.0,0.0
20,21,3,9,8,0.0,0.0
20,21,3,10,8,0.0,0.0
20,21,3,11,8,0.0,0.0
20,21,4,1,8,16036.280236181103,618.0486165606684
20,21,4,2,8,11801.108129476861,622.7871429109266
20,21,4,3,8,5153.942117210781,449.5689145503934
20,21,4,4,8,2278.5813063579844,169.19559643483498
20,21,4,5,8,3252.094416261307,304.61349319333686
20,21,4,6,8,0.0,0.0
20,21,4,7,8,0.0,0.0
20,21,4,8,8,0.0,0.0
20,21,4,9,8,0.0,0.0
20,21,4,10,8,0.0,0.0
20,21,4,11,8,0.0,0.0
20,21,5,1,8,7394.072943301279,247.89202405899647
20,21,5,2,8,3768.139620675607,218.54056378347957
20,21,5,3,8,1113.1407494622415,168.47290732721473
20,21,5,4,8,0.0,0.0
20,21,5,5,8,144.99965690780195,33.9858783092016
20,21,5,6,8,0.0,0.0
20,21,5,7,8,0.0,0.0
20,21,5,8,8,0.0,0.0
20,21,5,9,8,0.0,0.0
20,21,5,10,8,0.0,0.0
20,21,5,11,8,0.0,0.0
20,21,6,1,8,749.7224359410599,45.81049517242157
20,21,6,2,8,133.5521840900592,23.430217726641946
20,21,6,3,8,0.0,0.0
20,21,6,4,8,0.0,0.0
20,21,6,5,8,0.0,0.0
20,21,6,6,8,0.0,0.0
20,21,6,7,8,0.0,0.0
20,21,6,8,8,0.0,0.0
20,21,6,9,8,0.0,0.0
20,21,6,10,8,0.0,0.0
20,21,6,11,8,0.0,0.0
20,21,7,1,8,0.0,0.0
20,21,7,2,8,0.0,0.0
20,21,7,3,8,0.0,0.0
20,21,7,4,8,0.0,0.0
20,21,7,5,8,0.0,0.0
20,21,7,6,8,0.0,0.0
20,21,7,7,8,0.0,0.0
20,21,7,8,8,0.0,0.0
20,21,7,9,8,0.0,0.0
20,21,7,10,8,0.0,0.0
20,21,7,11,8,0.0,0.0
20,21,8,1,8,0.0,0.0
20,21,8,2,8,0.0,0.0
20,21,8,3,8,0.0,0.0
20,21,8,4,8,0.0,0.0
20,21,8,5,8,0.0,0.0
20,21,8,6,8,0.0,0.0
20,21,8,7,8,0.0,0.0
20,21,8,8,8,0.0,0.0
20,21,8,9,8,0.0,0.0
20,21,8,10,8,0.0,0.0
20,21,8,11,8,0.0,0.0
