xq2_bin,ybin,z_bin,pt2_bin,content,error
0,1,1,1,0,0
0,1,1,2,0,0
0,1,1,3,0,0
0,1,1,4,0,0
0,1,1,5,0,0
0,1,1,6,0,0
0,1,1,7,0,0
0,1,1,8,0,0
0,1,1,9,0,0
0,1,1,10,0,0
0,1,1,11,0,0
0,1,2,1,0,0
0,1,2,2,0,0
0,1,2,3,0,0
0,1,2,4,0,0
0,1,2,5,0,0
0,1,2,6,0,0
0,1,2,7,0,0
0,1,2,8,0,0
0,1,2,9,0,0
0,1,2,10,0,0
0,1,2,11,0,0
0,1,3,1,0,0
0,1,3,2,0,0
0,1,3,3,0,0
0,1,3,4,0,0
0,1,3,5,0,0
0,1,3,6,0,0
0,1,3,7,0,0
0,1,3,8,0,0
0,1,3,9,0,0
0,1,3,10,0,0
0,1,3,11,0,0
0,1,4,1,0,0
0,1,4,2,0,0
0,1,4,3,0,0
0,1,4,4,0,0
0,1,4,5,0,0
0,1,4,6,0,0
0,1,4,7,0,0
0,1,4,8,0,0
0,1,4,9,0,0
0,1,4,10,0,0
0,1,4,11,0,0
0,1,5,1,0,0
0,1,5,2,0,0
0,1,5,3,0,0
0,1,5,4,0,0
0,1,5,5,0,0
0,1,5,6,0,0
0,1,5,7,0,0
0,1,5,8,0,0
0,1,5,9,0,0
0,1,5,10,0,0
0,1,5,11,0,0
0,1,6,1,0,0
0,1,6,2,0,0
0,1,6,3,0,0
0,1,6,4,0,0
0,1,6,5,0,0
0,1,6,6,0,0
0,1,6,7,0,0
0,1,6,8,0,0
0,1,6,9,0,0
0,1,6,10,0,0
0,1,6,11,0,0
0,1,7,1,0,0
0,1,7,2,0,0
0,1,7,3,0,0
0,1,7,4,0,0
0,1,7,5,0,0
0,1,7,6,0,0
0,1,7,7,0,0
0,1,7,8,0,0
0,1,7,9,0,0
0,1,7,10,0,0
0,1,7,11,0,0
0,1,8,1,0,0
0,1,8,2,0,0
0,1,8,3,0,0
0,1,8,4,0,0
0,1,8,5,0,0
0,1,8,6,0,0
0,1,8,7,0,0
0,1,8,8,0,0
0,1,8,9,0,0
0,1,8,10,0,0
0,1,8,11,0,0
1,2,1,1,15963.2,359.575
1,2,1,2,18760.8,348.993
1,2,1,3,18084.2,253.424
1,2,1,4,12962.4,194.884
1,2,1,5,10520.1,216.4
1,2,1,6,1515.44,51.3151
1,2,1,7,0,0
1,2,1,8,0,0
1,2,1,9,0,0
1,2,1,10,0,0
1,2,1,11,0,0
1,2,2,1,20573.7,343.244
1,2,2,2,26977.7,304.241
1,2,2,3,31169.6,328.8
1,2,2,4,28274.4,261.621
1,2,2,5,42570,317.215
1,2,2,6,24198.7,206.96
1,2,2,7,11315.6,162.983
1,2,2,8,5605.11,105.152
1,2,2,9,1111.81,38.4617
1,2,2,10,108.007,11.0168
1,2,2,11,0,0
1,2,3,1,6672.8,159.39
1,2,3,2,12019.4,240.378
1,2,3,3,13970,189.662
1,2,3,4,14506.7,168.358
1,2,3,5,26040.3,214.027
1,2,3,6,20035.9,187.252
1,2,3,7,13728.6,141.275
1,2,3,8,12066.8,131.511
1,2,3,9,6018.33,88.7937
1,2,3,10,3067.78,63.0553
1,2,3,11,1011.49,34.5322
1,2,4,1,3135.53,109.91
1,2,4,2,5232.79,101.369
1,2,4,3,6367.4,106.435
1,2,4,4,6284.28,123.338
1,2,4,5,13250.1,168.32
1,2,4,6,11261.2,145.872
1,2,4,7,8778.85,123.722
1,2,4,8,9452.95,108.309
1,2,4,9,5605.76,84.5696
1,2,4,10,3875.84,67.3257
1,2,4,11,2642.58,54.9306
1,2,5,1,1944.21,57.4889
1,2,5,2,2918.41,67.8852
1,2,5,3,3180.31,69.7966
1,2,5,4,3365.43,80.1859
1,2,5,5,6989.81,112.667
1,2,5,6,6055.65,101.212
1,2,5,7,5356.4,92.2705
1,2,5,8,5930.51,93.6662
1,2,5,9,3826.23,75.336
1,2,5,10,3051.99,65.6293
1,2,5,11,2661.84,55.4256
1,2,6,1,1190.83,48.3957
1,2,6,2,1624.54,54.3947
1,2,6,3,1834.75,56.7658
1,2,6,4,1825.16,55.3681
1,2,6,5,3814.59,78.6844
1,2,6,6,3466.28,72.0393
1,2,6,7,3113.37,68.5434
1,2,6,8,3686.42,72.0157
1,2,6,9,2635.15,60.679
1,2,6,10,2101.15,53.0291
1,2,6,11,1880.84,50.4221
1,2,7,1,777.284,34.8286
1,2,7,2,1076.48,36.1064
1,2,7,3,1211.62,37.8232
1,2,7,4,1046.6,39.4585
1,2,7,5,2131.36,56.483
1,2,7,6,1878.29,51.7116
1,2,7,7,1758.41,49.6125
1,2,7,8,2071.59,53.3803
1,2,7,9,1365.13,43.3078
1,2,7,10,983.524,36.1412
1,2,7,11,475.881,23.2369
1,2,8,1,314.313,19.252
1,2,8,2,390.922,21.2755
1,2,8,3,396.602,21.0122
1,2,8,4,386.516,20.7501
1,2,8,5,598.266,28.4673
1,2,8,6,447.513,22.3115
1,2,8,7,262.225,17.1641
1,2,8,8,204.075,14.9528
1,2,8,9,48.3099,7.37617
1,2,8,10,0,0
1,2,8,11,0,0
2,3,1,1,8907.22,320.225
2,3,1,2,9906.34,360.585
2,3,1,3,8375.43,174.356
2,3,1,4,4929.89,117.96
2,3,1,5,3377.28,83.8882
2,3,1,6,189.515,18.3952
2,3,1,7,0,0
2,3,1,8,0,0
2,3,1,9,0,0
2,3,1,10,0,0
2,3,1,11,0,0
2,3,2,1,23437.8,386.218
2,3,2,2,26326.7,314.605
2,3,2,3,27894.3,283.793
2,3,2,4,23240.7,252.052
2,3,2,5,28587.4,311.81
2,3,2,6,13266.6,152.586
2,3,2,7,4946.57,86.8732
2,3,2,8,1865.01,50.9131
2,3,2,9,193.95,15.7516
2,3,2,10,0,0
2,3,2,11,0,0
2,3,3,1,12688.3,208.872
2,3,3,2,14670.3,191.695
2,3,3,3,15887.8,161.829
2,3,3,4,15576.2,170.219
2,3,3,5,25858.9,222.029
2,3,3,6,17304.3,172.296
2,3,3,7,10392.9,123.841
2,3,3,8,8124.57,105.823
2,3,3,9,3126.11,62.3696
2,3,3,10,1181.82,37.6507
2,3,3,11,245.108,16.4395
2,3,4,1,7394.79,163.242
2,3,4,2,7893.37,123.094
2,3,4,3,7747.98,114.984
2,3,4,4,7805.92,109.101
2,3,4,5,14777.6,171.125
2,3,4,6,11796.4,124.785
2,3,4,7,8680.06,104.027
2,3,4,8,7999.36,100.517
2,3,4,9,4331.33,71.3851
2,3,4,10,2514.34,59.7045
2,3,4,11,1352.94,39.1643
2,3,5,1,4969.18,89.2508
2,3,5,2,4557.68,97.1712
2,3,5,3,4188.95,91.8286
2,3,5,4,4056.09,86.9427
2,3,5,5,7769.19,116.107
2,3,5,6,7109.21,93.3723
2,3,5,7,5643.65,82.2225
2,3,5,8,5632.35,89.5345
2,3,5,9,3510.53,64.6464
2,3,5,10,2582.25,54.3858
2,3,5,11,1646.45,42.4689
2,3,6,1,3329.36,77.1652
2,3,6,2,2987.05,70.2553
2,3,6,3,2633.12,65.2367
2,3,6,4,2335.22,60.6528
2,3,6,5,4474.36,83.5782
2,3,6,6,3791.35,75.1428
2,3,6,7,3364.66,68.5336
2,3,6,8,3912.67,71.2819
2,3,6,9,2460.49,56.6103
2,3,6,10,1854.15,44.9102
2,3,6,11,1019.17,35.4275
2,3,7,1,2364.19,59.5197
2,3,7,2,2021.97,48.8798
2,3,7,3,1743.72,49.3532
2,3,7,4,1480.91,41.0674
2,3,7,5,2590.07,59.3117
2,3,7,6,2138.62,53.07
2,3,7,7,1793.31,48.7032
2,3,7,8,1781.08,43.9082
2,3,7,9,881.497,30.6204
2,3,7,10,388.103,20.4055
2,3,7,11,88.4661,9.74427
2,3,8,1,863.153,31.1552
2,3,8,2,549.288,24.7294
2,3,8,3,381.185,20.8426
2,3,8,4,306.888,18.5823
2,3,8,5,351.36,20.052
2,3,8,6,203.71,14.6347
2,3,8,7,64.7046,8.39125
2,3,8,8,31.8388,6.10996
2,3,8,9,0,0
2,3,8,10,0,0
2,3,8,11,0,0
3,4,1,1,2009.32,129.693
3,4,1,2,2135.42,100.446
3,4,1,3,1559.76,64.4127
3,4,1,4,839.126,50.4227
3,4,1,5,325.7,26.1069
3,4,1,6,0,0
3,4,1,7,0,0
3,4,1,8,0,0
3,4,1,9,0,0
3,4,1,10,0,0
3,4,1,11,0,0
3,4,2,1,18483.8,332.473
3,4,2,2,16982.1,249.818
3,4,2,3,16318.4,204.643
3,4,2,4,11280.2,215.016
3,4,2,5,12233.2,152.63
3,4,2,6,4296.3,80.1282
3,4,2,7,1193.57,40.1404
3,4,2,8,262.841,17.8036
3,4,2,9,0,0
3,4,2,10,0,0
3,4,2,11,0,0
3,4,3,1,15790.7,213.391
3,4,3,2,13604.8,197.768
3,4,3,3,12867.8,148.929
3,4,3,4,12233.7,189.211
3,4,3,5,18375.2,174.004
3,4,3,6,10180.5,124.502
3,4,3,7,5002.38,83.8989
3,4,3,8,3093.06,65.3251
3,4,3,9,907.422,33.6339
3,4,3,10,205.587,15.157
3,4,3,11,18.2376,4.58569
3,4,4,1,10025.1,145.19
3,4,4,2,8391.74,120.895
3,4,4,3,7011.47,100.203
3,4,4,4,6917.88,100.595
3,4,4,5,12615.1,130.207
3,4,4,6,9048.45,125.234
3,4,4,7,5847.62,87.4274
3,4,4,8,4817.58,77.5909
3,4,4,9,1972.69,47.6166
3,4,4,10,931.041,31.9133
3,4,4,11,267.24,17.2488
3,4,5,1,6891.45,123.084
3,4,5,2,4912.38,82.152
3,4,5,3,4047.28,74.4342
3,4,5,4,3810.09,84.2136
3,4,5,5,6837.69,106.923
3,4,5,6,5916.98,94.4241
3,4,5,7,4375.71,78.9717
3,4,5,8,4384.45,71.7949
3,4,5,9,2302.32,50.7586
3,4,5,10,1291.33,37.7034
3,4,5,11,423.277,21.2042
3,4,6,1,5274.75,93.4752
3,4,6,2,3274.93,73.2225
3,4,6,3,2756.6,57.2587
3,4,6,4,2230.75,51.3798
3,4,6,5,4201.62,69.6955
3,4,6,6,3442.01,68.444
3,4,6,7,2774.38,55.568
3,4,6,8,3037.76,58.5041
3,4,6,9,1375.8,41.2346
3,4,6,10,666.938,26.6995
3,4,6,11,112.732,10.9893
3,4,7,1,3705.95,70.795
3,4,7,2,2216.97,54.3374
3,4,7,3,1680.48,43.6251
3,4,7,4,1249,40.9405
3,4,7,5,1958.2,49.8622
3,4,7,6,1414.44,42.5286
3,4,7,7,966.658,32.144
3,4,7,8,575.206,24.9044
3,4,7,9,133.416,12.021
3,4,7,10,20.1131,4.82652
3,4,7,11,0,0
3,4,8,1,512.56,23.7058
3,4,8,2,246.193,16.61
3,4,8,3,140.54,12.1747
3,4,8,4,67.0293,8.49522
3,4,8,5,33.6394,6.16636
3,4,8,6,0,0
3,4,8,7,0,0
3,4,8,8,0,0
3,4,8,9,0,0
3,4,8,10,0,0
3,4,8,11,0,0
4,5,1,1,272.449,45.2997
4,5,1,2,213.109,24.7823
4,5,1,3,100.663,18.9458
4,5,1,4,88.9087,11.6707
4,5,1,5,0,0
4,5,1,6,0,0
4,5,1,7,0,0
4,5,1,8,0,0
4,5,1,9,0,0
4,5,1,10,0,0
4,5,1,11,0,0
4,5,2,1,14004.8,289.541
4,5,2,2,10564.9,292.032
4,5,2,3,8229.55,200.389
4,5,2,4,5679.98,102.849
4,5,2,5,4919.85,90.5858
4,5,2,6,1390.91,46.3298
4,5,2,7,213.599,17.1525
4,5,2,8,0,0
4,5,2,9,0,0
4,5,2,10,0,0
4,5,2,11,0,0
4,5,3,1,18688.9,259.213
4,5,3,2,14536.7,200.054
4,5,3,3,11562.3,145.393
4,5,3,4,10070.6,127.972
4,5,3,5,12794.5,143.026
4,5,3,6,5734.21,91.6838
4,5,3,7,2563.41,57.6219
4,5,3,8,1259.65,39.4688
4,5,3,9,249.645,16.5787
4,5,3,10,0,0
4,5,3,11,0,0
4,5,4,1,13833.2,174.684
4,5,4,2,10256.6,132.358
4,5,4,3,7971.41,112.833
4,5,4,4,6987.9,100.236
4,5,4,5,11946.9,125.189
4,5,4,6,7333.55,95.6309
4,5,4,7,3860.62,68.0778
4,5,4,8,2559.95,54.999
4,5,4,9,958.261,32.8708
4,5,4,10,286.351,17.4446
4,5,4,11,36.129,6.29763
4,5,5,1,10141.4,147.148
4,5,5,2,6054.27,89.2038
4,5,5,3,4852.45,83.5833
4,5,5,4,4266.04,76.5691
4,5,5,5,7604.04,96.575
4,5,5,6,5824.12,91.928
4,5,5,7,3962.12,74.3761
4,5,5,8,3121.89,58.9748
4,5,5,9,1132.53,34.577
4,5,5,10,323.203,18.5897
4,5,5,11,16.2511,4.38488
4,5,6,1,7926.45,112.339
4,5,6,2,4493.8,72.8654
4,5,6,3,3237.09,62.5501
4,5,6,4,2582.82,54.2234
4,5,6,5,4472.45,71.1788
4,5,6,6,3435.04,67.4204
4,5,6,7,2288.43,50.1329
4,5,6,8,1443.64,42.0382
4,5,6,9,399.831,20.4468
4,5,6,10,55.2053,7.86496
4,5,6,11,0,0
4,5,7,1,4647.45,72.0295
4,5,7,2,2397.15,55.8723
4,5,7,3,1384.4,41.9072
4,5,7,4,877.437,31.2262
4,5,7,5,1087.8,34.7792
4,5,7,6,475.372,23.0017
4,5,7,7,150.532,12.7079
4,5,7,8,39.3416,6.52998
4,5,7,9,0,0
4,5,7,10,0,0
4,5,7,11,0,0
4,5,8,1,99.2122,10.3182
4,5,8,2,0,0
4,5,8,3,0,0
4,5,8,4,0,0
4,5,8,5,0,0
4,5,8,6,0,0
4,5,8,7,0,0
4,5,8,8,0,0
4,5,8,9,0,0
4,5,8,10,0,0
4,5,8,11,0,0
5,6,1,1,0,0
5,6,1,2,0,0
5,6,1,3,0,0
5,6,1,4,0,0
5,6,1,5,0,0
5,6,1,6,0,0
5,6,1,7,0,0
5,6,1,8,0,0
5,6,1,9,0,0
5,6,1,10,0,0
5,6,1,11,0,0
5,6,2,1,6040.4,168.35
5,6,2,2,3112.87,164.065
5,6,2,3,2409.85,71.6257
5,6,2,4,1644.71,55.5295
5,6,2,5,1207.37,46.2452
5,6,2,6,253.627,16.7267
5,6,2,7,0,0
5,6,2,8,0,0
5,6,2,9,0,0
5,6,2,10,0,0
5,6,2,11,0,0
5,6,3,1,17226,260.763
5,6,3,2,9785.04,168.713
5,6,3,3,6471.37,109.283
5,6,3,4,5537.51,104.154
5,6,3,5,6877.65,102.25
5,6,3,6,2676.37,58.9427
5,6,3,7,851.295,33.4498
5,6,3,8,299.387,18.6683
5,6,3,9,0,0
5,6,3,10,0,0
5,6,3,11,0,0
5,6,4,1,17284.1,174.699
5,6,4,2,10405.3,145.581
5,6,4,3,6651.72,107.097
5,6,4,4,5099.5,87.8418
5,6,4,5,7406.15,118.012
5,6,4,6,4372.79,75.5751
5,6,4,7,1876.83,47.5522
5,6,4,8,833.898,31.4491
5,6,4,9,125.724,11.64
5,6,4,10,0,0
5,6,4,11,0,0
5,6,5,1,13836.7,168.823
5,6,5,2,7606.76,104.592
5,6,5,3,5327.18,82.2158
5,6,5,4,3743.54,67.4249
5,6,5,5,5480.72,93.8337
5,6,5,6,3440.42,70.2833
5,6,5,7,1585.27,42.1798
5,6,5,8,663.912,27.5667
5,6,5,9,71.9858,8.84175
5,6,5,10,0,0
5,6,5,11,0,0
5,6,6,1,10120.1,124.851
5,6,6,2,4974.01,86.883
5,6,6,3,3039.11,60.3893
5,6,6,4,2076.19,48.4777
5,6,6,5,2376.6,56.9659
5,6,6,6,1114.75,35.4184
5,6,6,7,378.558,20.5839
5,6,6,8,76.2583,9.26635
5,6,6,9,0,0
5,6,6,10,0,0
5,6,6,11,0,0
5,6,7,1,1868.34,50.4382
5,6,7,2,776.123,29.31
5,6,7,3,323.63,18.506
5,6,7,4,133.44,11.9704
5,6,7,5,61.1734,8.2832
5,6,7,6,0,0
5,6,7,7,0,0
5,6,7,8,0,0
5,6,7,9,0,0
5,6,7,10,0,0
5,6,7,11,0,0
5,6,8,1,0,0
5,6,8,2,0,0
5,6,8,3,0,0
5,6,8,4,0,0
5,6,8,5,0,0
5,6,8,6,0,0
5,6,8,7,0,0
5,6,8,8,0,0
5,6,8,9,0,0
5,6,8,10,0,0
5,6,8,11,0,0
6,7,1,1,0,0
6,7,1,2,0,0
6,7,1,3,0,0
6,7,1,4,0,0
6,7,1,5,0,0
6,7,1,6,0,0
6,7,1,7,0,0
6,7,1,8,0,0
6,7,1,9,0,0
6,7,1,10,0,0
6,7,1,11,0,0
6,7,2,1,450.352,52.4636
6,7,2,2,200.951,21.8193
6,7,2,3,153.37,19.9487
6,7,2,4,82.108,11.9614
6,7,2,5,64.6414,9.24795
6,7,2,6,0,0
6,7,2,7,0,0
6,7,2,8,0,0
6,7,2,9,0,0
6,7,2,10,0,0
6,7,2,11,0,0
6,7,3,1,5285.89,130.688
6,7,3,2,2558.36,79.0748
6,7,3,3,1464.12,49.6562
6,7,3,4,1270.94,63.6347
6,7,3,5,1576.81,48.4339
6,7,3,6,408.347,21.5862
6,7,3,7,57.8724,8.16908
6,7,3,8,0,0
6,7,3,9,0,0
6,7,3,10,0,0
6,7,3,11,0,0
6,7,4,1,8266.29,172.73
6,7,4,2,3539.49,85.1046
6,7,4,3,2060.3,53.929
6,7,4,4,1508.89,45.9151
6,7,4,5,2224.27,55.071
6,7,4,6,795.658,30.9641
6,7,4,7,90.4143,10.4142
6,7,4,8,0,0
6,7,4,9,0,0
6,7,4,10,0,0
6,7,4,11,0,0
6,7,5,1,7938.61,128.649
6,7,5,2,3397.74,65.563
6,7,5,3,1597.94,53.4056
6,7,5,4,836.71,31.8736
6,7,5,5,763.763,30.2104
6,7,5,6,162.787,13.8873
6,7,5,7,0,0
6,7,5,8,0,0
6,7,5,9,0,0
6,7,5,10,0,0
6,7,5,11,0,0
6,7,6,1,2885.29,67.337
6,7,6,2,955.741,38.3862
6,7,6,3,310.118,19.6116
6,7,6,4,101.962,10.5752
6,7,6,5,36.9606,6.40232
6,7,6,6,0,0
6,7,6,7,0,0
6,7,6,8,0,0
6,7,6,9,0,0
6,7,6,10,0,0
6,7,6,11,0,0
6,7,7,1,0,0
6,7,7,2,0,0
6,7,7,3,0,0
6,7,7,4,0,0
6,7,7,5,0,0
6,7,7,6,0,0
6,7,7,7,0,0
6,7,7,8,0,0
6,7,7,9,0,0
6,7,7,10,0,0
6,7,7,11,0,0
6,7,8,1,0,0
6,7,8,2,0,0
6,7,8,3,0,0
6,7,8,4,0,0
6,7,8,5,0,0
6,7,8,6,0,0
6,7,8,7,0,0
6,7,8,8,0,0
6,7,8,9,0,0
6,7,8,10,0,0
6,7,8,11,0,0
7,8,1,1,0,0
7,8,1,2,0,0
7,8,1,3,0,0
7,8,1,4,0,0
7,8,1,5,0,0
7,8,1,6,0,0
7,8,1,7,0,0
7,8,1,8,0,0
7,8,1,9,0,0
7,8,1,10,0,0
7,8,1,11,0,0
7,8,2,1,0,0
7,8,2,2,0,0
7,8,2,3,0,0
7,8,2,4,0,0
7,8,2,5,0,0
7,8,2,6,0,0
7,8,2,7,0,0
7,8,2,8,0,0
7,8,2,9,0,0
7,8,2,10,0,0
7,8,2,11,0,0
7,8,3,1,1197.72,62.6482
7,8,3,2,711.805,36.8795
7,8,3,3,317.173,26.2036
7,8,3,4,280.112,19.732
7,8,3,5,217.706,17.4694
7,8,3,6,0,0
7,8,3,7,0,0
7,8,3,8,0,0
7,8,3,9,0,0
7,8,3,10,0,0
7,8,3,11,0,0
7,8,4,1,2974.26,76.5635
7,8,4,2,1133.23,43.7617
7,8,4,3,634.636,32.6683
7,8,4,4,376.08,23.5622
7,8,4,5,217.507,16.1623
7,8,4,6,0,0
7,8,4,7,0,0
7,8,4,8,0,0
7,8,4,9,0,0
7,8,4,10,0,0
7,8,4,11,0,0
7,8,5,1,2625.65,61.916
7,8,5,2,513.18,27.1236
7,8,5,3,145.858,13.2295
7,8,5,4,29.3225,6.13321
7,8,5,5,0,0
7,8,5,6,0,0
7,8,5,7,0,0
7,8,5,8,0,0
7,8,5,9,0,0
7,8,5,10,0,0
7,8,5,11,0,0
7,8,6,1,99.5512,10.3261
7,8,6,2,0,0
7,8,6,3,0,0
7,8,6,4,0,0
7,8,6,5,0,0
7,8,6,6,0,0
7,8,6,7,0,0
7,8,6,8,0,0
7,8,6,9,0,0
7,8,6,10,0,0
7,8,6,11,0,0
7,8,7,1,0,0
7,8,7,2,0,0
7,8,7,3,0,0
7,8,7,4,0,0
7,8,7,5,0,0
7,8,7,6,0,0
7,8,7,7,0,0
7,8,7,8,0,0
7,8,7,9,0,0
7,8,7,10,0,0
7,8,7,11,0,0
7,8,8,1,0,0
7,8,8,2,0,0
7,8,8,3,0,0
7,8,8,4,0,0
7,8,8,5,0,0
7,8,8,6,0,0
7,8,8,7,0,0
7,8,8,8,0,0
7,8,8,9,0,0
7,8,8,10,0,0
7,8,8,11,0,0
8,9,1,1,16242.6,468.026
8,9,1,2,20202,530.75
8,9,1,3,17690.1,288.863
8,9,1,4,11920.2,186.734
8,9,1,5,8768.83,141.643
8,9,1,6,776.791,36.2856
8,9,1,7,0,0
8,9,1,8,0,0
8,9,1,9,0,0
8,9,1,10,0,0
8,9,1,11,0,0
8,9,2,1,22993.3,376.192
8,9,2,2,29454,366.49
8,9,2,3,32584,335.79
8,9,2,4,28451.4,283.524
8,9,2,5,41161.2,294.431
8,9,2,6,21443.5,195.401
8,9,2,7,9228.13,122.073
8,9,2,8,3982.88,77.5019
8,9,2,9,683.298,29.8732
8,9,2,10,26.3787,5.38395
8,9,2,11,0,0
8,9,3,1,9629.14,148.625
8,9,3,2,13749.5,202.744
8,9,3,3,14860.7,182.961
8,9,3,4,15075.4,183.263
8,9,3,5,26994.2,216.661
8,9,3,6,19503.5,184.756
8,9,3,7,13310.5,139.816
8,9,3,8,11046.6,124.767
8,9,3,9,4987.57,81.6229
8,9,3,10,2376.96,55.1401
8,9,3,11,642.972,27.1005
8,9,4,1,5006.7,139.955
8,9,4,2,6867.41,117.618
8,9,4,3,7215.13,140.643
8,9,4,4,7587.8,137.149
8,9,4,5,14048.4,175.046
8,9,4,6,11659.1,148.818
8,9,4,7,8648.42,122.187
8,9,4,8,8702.38,117.857
8,9,4,9,5254.99,79.2037
8,9,4,10,3525.21,65.7118
8,9,4,11,2206.92,50.7593
8,9,5,1,3256.4,90.9701
8,9,5,2,3770.12,91.5593
8,9,5,3,3946.32,91.1531
8,9,5,4,3934.08,87.254
8,9,5,5,7573.77,116.592
8,9,5,6,6673.74,106.514
8,9,5,7,5502.27,92.6982
8,9,5,8,6043.78,94.2777
8,9,5,9,3710.21,72.4423
8,9,5,10,2827.57,57.9099
8,9,5,11,2447.11,53.5315
8,9,6,1,2324.79,57.5877
8,9,6,2,2524.93,67.4777
8,9,6,3,2516.19,66.0796
8,9,6,4,2301.14,62.671
8,9,6,5,4412.9,85.4299
8,9,6,6,4001.63,78.0264
8,9,6,7,3288.9,69.7805
8,9,6,8,3888.49,74.3243
8,9,6,9,2816.07,57.1818
8,9,6,10,2191.97,53.6498
8,9,6,11,1676.01,45.8822
8,9,7,1,1509.47,48.6935
8,9,7,2,1606.41,50.9405
8,9,7,3,1418.73,46.5039
8,9,7,4,1399.54,45.3839
8,9,7,5,2536.48,61.0954
8,9,7,6,2238.52,56.5861
8,9,7,7,1896.96,52.113
8,9,7,8,2095.12,53.3
8,9,7,9,1246.55,40.6581
8,9,7,10,737.557,30.8949
8,9,7,11,239.427,16.0051
8,9,8,1,581.907,29.2208
8,9,8,2,539.945,24.9932
8,9,8,3,473.615,23.3445
8,9,8,4,412.058,23.6405
8,9,8,5,621.87,26.4584
8,9,8,6,337.731,19.2169
8,9,8,7,196.605,14.6662
8,9,8,8,83.6058,9.55426
8,9,8,9,0,0
8,9,8,10,0,0
8,9,8,11,0,0
9,10,1,1,9936.78,370.285
9,10,1,2,10163.9,229.601
9,10,1,3,8246.92,170.263
9,10,1,4,4805.23,167.311
9,10,1,5,2728.26,75.6596
9,10,1,6,71.3994,11.2659
9,10,1,7,0,0
9,10,1,8,0,0
9,10,1,9,0,0
9,10,1,10,0,0
9,10,1,11,0,0
9,10,2,1,28405.7,429.663
9,10,2,2,28645.8,336.255
9,10,2,3,27593.6,395.384
9,10,2,4,23245.8,237.373
9,10,2,5,28589,254.641
9,10,2,6,12003.4,142.916
9,10,2,7,3886.24,94.4927
9,10,2,8,1424.97,44.0916
9,10,2,9,83.8881,9.63537
9,10,2,10,0,0
9,10,2,11,0,0
9,10,3,1,17758.6,234.665
9,10,3,2,18286.7,211.328
9,10,3,3,17939.1,172.636
9,10,3,4,17030.6,170.615
9,10,3,5,27562.8,227.64
9,10,3,6,17221.9,193.504
9,10,3,7,9923.06,139.641
9,10,3,8,7212.42,99.8112
9,10,3,9,2494.52,55.4935
9,10,3,10,861.762,31.9918
9,10,3,11,154.804,12.8961
9,10,4,1,10937.9,152.587
9,10,4,2,9735.02,130.32
9,10,4,3,9498.34,128.199
9,10,4,4,8905.55,120.049
9,10,4,5,15821.5,149.792
9,10,4,6,12376.4,151.95
9,10,4,7,8827.9,105.458
9,10,4,8,7944.77,98.2824
9,10,4,9,3920.24,69.5013
9,10,4,10,2157.21,51.089
9,10,4,11,889.063,32.1229
9,10,5,1,7519.08,132.866
9,10,5,2,6088.79,116.919
9,10,5,3,5355.33,106.04
9,10,5,4,5056.43,97.6196
9,10,5,5,8792.97,127.3
9,10,5,6,7372.28,109.189
9,10,5,7,5896.86,95.5315
9,10,5,8,6135.89,93.5603
9,10,5,9,3533.3,69.9721
9,10,5,10,2469.3,51.9647
9,10,5,11,1352.75,41.6001
9,10,6,1,5250.63,97.1056
9,10,6,2,4084.66,85.839
9,10,6,3,3369.81,65.1326
9,10,6,4,3008.03,70.8654
9,10,6,5,5457.32,90.3125
9,10,6,6,4546.77,80.1556
9,10,6,7,3765.34,71.0685
9,10,6,8,4008.66,73.3215
9,10,6,9,2478.04,57.2266
9,10,6,10,1498.8,43.6151
9,10,6,11,625.84,25.9217
9,10,7,1,3869.49,76.0301
9,10,7,2,2907.02,58.4028
9,10,7,3,2237.88,51.0581
9,10,7,4,1907.15,46.834
9,10,7,5,2998.48,63.2899
9,10,7,6,2300.22,55.2944
9,10,7,7,1681.5,43.0054
9,10,7,8,1356.98,41.4777
9,10,7,9,488.151,22.7655
9,10,7,10,176.993,13.8843
9,10,7,11,22.3807,4.94596
9,10,8,1,810.624,30.4981
9,10,8,2,495.519,24.5001
9,10,8,3,310.191,17.9829
9,10,8,4,188.839,14.4774
9,10,8,5,178.827,14.4866
9,10,8,6,65.6781,8.54204
9,10,8,7,0,0
9,10,8,8,0,0
9,10,8,9,0,0
9,10,8,10,0,0
9,10,8,11,0,0
10,11,1,1,2868.14,157.874
10,11,1,2,2598.36,112.227
10,11,1,3,1710.39,71.0915
10,11,1,4,773.09,42.3353
10,11,1,5,236.64,20.9186
10,11,1,6,0,0
10,11,1,7,0,0
10,11,1,8,0,0
10,11,1,9,0,0
10,11,1,10,0,0
10,11,1,11,0,0
10,11,2,1,30816.3,460.335
10,11,2,2,24330.4,340.28
10,11,2,3,20341.9,236.533
10,11,2,4,14683.3,191.5
10,11,2,5,14673.3,214.745
10,11,2,6,4372.05,80.3744
10,11,2,7,977,36.1079
10,11,2,8,124.396,12.7927
10,11,2,9,0,0
10,11,2,10,0,0
10,11,2,11,0,0
10,11,3,1,29442.3,323.674
10,11,3,2,24196.4,267.441
10,11,3,3,20296.1,207.927
10,11,3,4,17140.7,178.881
10,11,3,5,24047.9,242.574
10,11,3,6,12517.5,137.643
10,11,3,7,5845.57,87.2801
10,11,3,8,3244.91,63.1958
10,11,3,9,776.802,30.2502
10,11,3,10,150.289,12.8869
10,11,3,11,0,0
10,11,4,1,21845,225.14
10,11,4,2,15002.4,178.3
10,11,4,3,12877.5,158.608
10,11,4,4,11491.9,128.885
10,11,4,5,18136.6,189.082
10,11,4,6,12333.5,145.561
10,11,4,7,7447.2,98.2867
10,11,4,8,5567.16,83.5432
10,11,4,9,2107.52,49.9002
10,11,4,10,783.037,29.7874
10,11,4,11,159.222,13.1275
10,11,5,1,15028.4,184.976
10,11,5,2,9636.89,142.904
10,11,5,3,7737.79,106.123
10,11,5,4,7002.51,95.2702
10,11,5,5,11505.9,139.251
10,11,5,6,8782.22,116.85
10,11,5,7,6377.75,93.9724
10,11,5,8,5590.32,79.2715
10,11,5,9,2319.6,50.7748
10,11,5,10,931.306,31.6945
10,11,5,11,178.463,13.846
10,11,6,1,11153.8,136.794
10,11,6,2,7206.72,107.21
10,11,6,3,5179.7,89.3988
10,11,6,4,4338.79,79.9297
10,11,6,5,7193.51,100.699
10,11,6,6,5321.73,84.9771
10,11,6,7,3534.73,68.6382
10,11,6,8,2750.14,59.9336
10,11,6,9,956.487,32.8016
10,11,6,10,308.837,18.0655
10,11,6,11,0,0
10,11,7,1,6549.69,94.4945
10,11,7,2,3722.66,73.0497
10,11,7,3,2404.91,57.1611
10,11,7,4,1680.01,43.5183
10,11,7,5,2040.07,48.0637
10,11,7,6,1005.59,33.702
10,11,7,7,414.014,21.2988
10,11,7,8,226.076,15.7196
10,11,7,9,27.4489,5.53768
10,11,7,10,0,0
10,11,7,11,0,0
10,11,8,1,221.231,15.464
10,11,8,2,94.4876,10.3677
10,11,8,3,34.1135,6.0943
10,11,8,4,0,0
10,11,8,5,0,0
10,11,8,6,0,0
10,11,8,7,0,0
10,11,8,8,0,0
10,11,8,9,0,0
10,11,8,10,0,0
10,11,8,11,0,0
11,12,1,1,58.9586,27.6238
11,12,1,2,0,0
11,12,1,3,0,0
11,12,1,4,0,0
11,12,1,5,0,0
11,12,1,6,0,0
11,12,1,7,0,0
11,12,1,8,0,0
11,12,1,9,0,0
11,12,1,10,0,0
11,12,1,11,0,0
11,12,2,1,11440.8,281.079
11,12,2,2,6283.28,148.307
11,12,2,3,4486.47,100.581
11,12,2,4,3480.83,81.5905
11,12,2,5,2698.73,67.9595
11,12,2,6,469.225,25.8384
11,12,2,7,0,0
11,12,2,8,0,0
11,12,2,9,0,0
11,12,2,10,0,0
11,12,2,11,0,0
11,12,3,1,18798.3,245.378
11,12,3,2,12509.8,178.653
11,12,3,3,8370.54,136.027
11,12,3,4,6596.5,102.308
11,12,3,5,8729.19,116.362
11,12,3,6,3872.12,73.6827
11,12,3,7,1371.32,43.2447
11,12,3,8,477.584,23.3999
11,12,3,9,26.1344,6.64837
11,12,3,10,0,0
11,12,3,11,0,0
11,12,4,1,16694,197.173
11,12,4,2,10085.6,136.834
11,12,4,3,7622.83,112.043
11,12,4,4,5795.85,90.4574
11,12,4,5,8206.78,103.523
11,12,4,6,4815.07,76.841
11,12,4,7,2478.37,54.2754
11,12,4,8,1180.93,41.4747
11,12,4,9,196.175,14.5793
11,12,4,10,0,0
11,12,4,11,0,0
11,12,5,1,12933.4,167.051
11,12,5,2,7593.79,105.148
11,12,5,3,5483.85,84.0931
11,12,5,4,4016.42,70.2752
11,12,5,5,6071.08,98.7799
11,12,5,6,3806.99,66.4943
11,12,5,7,1937.68,46.7225
11,12,5,8,886.736,31.563
11,12,5,9,100.473,10.4719
11,12,5,10,0,0
11,12,5,11,0,0
11,12,6,1,8730.24,117.188
11,12,6,2,5149.63,89.0404
11,12,6,3,3242.54,69.5647
11,12,6,4,2271.84,51.159
11,12,6,5,2593.51,54.6125
11,12,6,6,1224.68,36.5859
11,12,6,7,424.051,21.1918
11,12,6,8,112.597,10.9813
11,12,6,9,0,0
11,12,6,10,0,0
11,12,6,11,0,0
11,12,7,1,1802.24,49.4429
11,12,7,2,822.682,30.8871
11,12,7,3,368.09,20.3308
11,12,7,4,175.888,13.8597
11,12,7,5,92.5087,9.9326
11,12,7,6,0,0
11,12,7,7,0,0
11,12,7,8,0,0
11,12,7,9,0,0
11,12,7,10,0,0
11,12,7,11,0,0
11,12,8,1,0,0
11,12,8,2,0,0
11,12,8,3,0,0
11,12,8,4,0,0
11,12,8,5,0,0
11,12,8,6,0,0
11,12,8,7,0,0
11,12,8,8,0,0
11,12,8,9,0,0
11,12,8,10,0,0
11,12,8,11,0,0
12,13,1,1,0,0
12,13,1,2,0,0
12,13,1,3,0,0
12,13,1,4,0,0
12,13,1,5,0,0
12,13,1,6,0,0
12,13,1,7,0,0
12,13,1,8,0,0
12,13,1,9,0,0
12,13,1,10,0,0
12,13,1,11,0,0
12,13,2,1,4385.15,157.443
12,13,2,2,1792.36,79.5827
12,13,2,3,1322.44,51.8524
12,13,2,4,1009.3,40.4833
12,13,2,5,731.218,32.1759
12,13,2,6,0,0
12,13,2,7,0,0
12,13,2,8,0,0
12,13,2,9,0,0
12,13,2,10,0,0
12,13,2,11,0,0
12,13,3,1,17909.1,287.731
12,13,3,2,8731.68,165.936
12,13,3,3,5189.51,104.217
12,13,3,4,4140.91,106.079
12,13,3,5,5314.4,85.3377
12,13,3,6,1481.19,45.0777
12,13,3,7,285.45,17.8141
12,13,3,8,48.1473,7.84997
12,13,3,9,0,0
12,13,3,10,0,0
12,13,3,11,0,0
12,13,4,1,20487.2,270.616
12,13,4,2,9618.43,144.387
12,13,4,3,5703.2,105.165
12,13,4,4,3732.45,75.3518
12,13,4,5,4634.81,77.3543
12,13,4,6,1875.92,47.9219
12,13,4,7,466.903,23.47
12,13,4,8,77.3678,9.36183
12,13,4,9,0,0
12,13,4,10,0,0
12,13,4,11,0,0
12,13,5,1,16725.2,188.98
12,13,5,2,7621.68,122.551
12,13,5,3,3953.54,71.6463
12,13,5,4,2017.69,52.06
12,13,5,5,2080.11,49.2697
12,13,5,6,657.15,27.598
12,13,5,7,147.712,12.9455
12,13,5,8,0,0
12,13,5,9,0,0
12,13,5,10,0,0
12,13,5,11,0,0
12,13,6,1,4914.06,89.9508
12,13,6,2,2106.99,56.6816
12,13,6,3,990.795,34.3455
12,13,6,4,371.776,20.243
12,13,6,5,271.295,18.0224
12,13,6,6,0,0
12,13,6,7,0,0
12,13,6,8,0,0
12,13,6,9,0,0
12,13,6,10,0,0
12,13,6,11,0,0
12,13,7,1,99.1739,10.3371
12,13,7,2,0,0
12,13,7,3,0,0
12,13,7,4,0,0
12,13,7,5,0,0
12,13,7,6,0,0
12,13,7,7,0,0
12,13,7,8,0,0
12,13,7,9,0,0
12,13,7,10,0,0
12,13,7,11,0,0
12,13,8,1,0,0
12,13,8,2,0,0
12,13,8,3,0,0
12,13,8,4,0,0
12,13,8,5,0,0
12,13,8,6,0,0
12,13,8,7,0,0
12,13,8,8,0,0
12,13,8,9,0,0
12,13,8,10,0,0
12,13,8,11,0,0
13,14,1,1,15675.2,437.127
13,14,1,2,18019.5,521.327
13,14,1,3,15658.4,271.379
13,14,1,4,8957.79,232.763
13,14,1,5,5836.91,112.812
13,14,1,6,159.703,16.1376
13,14,1,7,0,0
13,14,1,8,0,0
13,14,1,9,0,0
13,14,1,10,0,0
13,14,1,11,0,0
13,14,2,1,25577.3,419.116
13,14,2,2,29957.3,385.229
13,14,2,3,30210.7,303.481
13,14,2,4,25919.2,278.19
13,14,2,5,35070.7,290.979
13,14,2,6,16787.9,171.793
13,14,2,7,6206.14,100.458
13,14,2,8,2481.61,60.854
13,14,2,9,243.26,17.5347
13,14,2,10,0,0
13,14,2,11,0,0
13,14,3,1,13092.5,211.506
13,14,3,2,15703.4,204.488
13,14,3,3,16096,190.629
13,14,3,4,15502.8,177.443
13,14,3,5,26019.3,227.681
13,14,3,6,17701.3,200.985
13,14,3,7,11084.6,133.998
13,14,3,8,8849.55,112.004
13,14,3,9,3674.29,71.8916
13,14,3,10,1322.06,41.2132
13,14,3,11,261.811,17.7111
13,14,4,1,7907.1,136.153
13,14,4,2,8470.13,160.309
13,14,4,3,8117.05,149.371
13,14,4,4,8144.84,117.892
13,14,4,5,13862.5,173.849
13,14,4,6,11305.8,123.406
13,14,4,7,8058.87,119.338
13,14,4,8,7621.76,100.863
13,14,4,9,4278.98,73.3279
13,14,4,10,2588.54,55.3345
13,14,4,11,1386.03,40.9491
13,14,5,1,5474.16,116.857
13,14,5,2,5074.02,105.761
13,14,5,3,4692.84,99.7451
13,14,5,4,4534.71,82.7763
13,14,5,5,8067.71,123.306
13,14,5,6,6631.37,106.903
13,14,5,7,5457.35,93.535
13,14,5,8,5494.81,92.2058
13,14,5,9,3325.89,68.7533
13,14,5,10,2473.81,54.1585
13,14,5,11,1525.74,44.8512
13,14,6,1,3835.26,88.5173
13,14,6,2,3369.79,77.2888
13,14,6,3,2973.04,72.4514
13,14,6,4,2897.45,70.3818
13,14,6,5,4916.93,90.5
13,14,6,6,4144.04,80.2604
13,14,6,7,3464.09,71.2251
13,14,6,8,3816.82,73.2738
13,14,6,9,2363.03,56.3655
13,14,6,10,1685.63,43.7708
13,14,6,11,782.44,29.9478
13,14,7,1,2689.04,66.848
13,14,7,2,2218.37,59.1424
13,14,7,3,1915.01,54.8526
13,14,7,4,1804.62,51.0535
13,14,7,5,2923.51,65.431
13,14,7,6,2169.74,55.9805
13,14,7,7,1592.02,46.1693
13,14,7,8,1457.99,44.6416
13,14,7,9,638.094,28.632
13,14,7,10,290.379,17.4987
13,14,7,11,0,0
13,14,8,1,724.939,28.9919
13,14,8,2,528.894,25.9314
13,14,8,3,305.257,22.3953
13,14,8,4,305.185,18.1737
13,14,8,5,296.535,18.8266
13,14,8,6,104.313,10.6449
13,14,8,7,22.34,5.01852
13,14,8,8,0,0
13,14,8,9,0,0
13,14,8,10,0,0
13,14,8,11,0,0
14,15,1,1,6339.19,237.309
14,15,1,2,5858.24,177.882
14,15,1,3,4628.5,121.805
14,15,1,4,2443.66,80.0215
14,15,1,5,734.307,53.5209
14,15,1,6,0,0
14,15,1,7,0,0
14,15,1,8,0,0
14,15,1,9,0,0
14,15,1,10,0,0
14,15,1,11,0,0
14,15,2,1,21624.1,389.077
14,15,2,2,19979.4,289.075
14,15,2,3,17237.1,225.153
14,15,2,4,13403.5,239.019
14,15,2,5,15446.1,186.513
14,15,2,6,5453.46,118.381
14,15,2,7,1513.2,49.6614
14,15,2,8,385.103,21.4407
14,15,2,9,0,0
14,15,2,10,0,0
14,15,2,11,0,0
14,15,3,1,15668.5,224.922
14,15,3,2,14023.7,209.419
14,15,3,3,12369.8,164.38
14,15,3,4,10995.4,138.337
14,15,3,5,16750.3,181.937
14,15,3,6,9900.21,129.215
14,15,3,7,5273.16,90.4159
14,15,3,8,3233.78,76.7313
14,15,3,9,997.199,34.8269
14,15,3,10,248.376,17.3156
14,15,3,11,14.7755,4.90977
14,15,4,1,10823.4,154.271
14,15,4,2,8056.59,119.34
14,15,4,3,7313.01,109
14,15,4,4,6567.5,99.5297
14,15,4,5,11019.8,124.983
14,15,4,6,7794.38,105.301
14,15,4,7,5238.64,81.1237
14,15,4,8,4180.21,71.1989
14,15,4,9,1868.78,47.1796
14,15,4,10,881.478,32.1616
14,15,4,11,247.405,16.725
14,15,5,1,7202.51,132.562
14,15,5,2,5189.29,110.338
14,15,5,3,4393.23,78.8128
14,15,5,4,3656.48,83.3786
14,15,5,5,6486.58,105.842
14,15,5,6,4986.45,90.1325
14,15,5,7,3846.26,76.9846
14,15,5,8,3655.84,66.4701
14,15,5,9,1888.21,46.3797
14,15,5,10,968.417,33.1312
14,15,5,11,243.473,16.0996
14,15,6,1,5125.56,97.5112
14,15,6,2,3776.77,82.4378
14,15,6,3,2932.23,69.4054
14,15,6,4,2661.21,58.7403
14,15,6,5,4145.03,79.6925
14,15,6,6,3143.77,67.6211
14,15,6,7,2336.04,56.4218
14,15,6,8,2051.06,52.0048
14,15,6,9,838.305,31.3002
14,15,6,10,303.745,18.1627
14,15,6,11,36.5434,6.47985
14,15,7,1,3302.55,70.4572
14,15,7,2,2213.56,58.073
14,15,7,3,1587.64,48.1632
14,15,7,4,1140.35,39.7732
14,15,7,5,1560.48,46.2128
14,15,7,6,827.229,30.795
14,15,7,7,403.698,21.5304
14,15,7,8,236.151,15.7811
14,15,7,9,45.6496,7.23788
14,15,7,10,0,0
14,15,7,11,0,0
14,15,8,1,195.479,14.4631
14,15,8,2,78.7973,9.67853
14,15,8,3,34.2751,6.48741
14,15,8,4,0,0
14,15,8,5,15.4702,4.27381
14,15,8,6,0,0
14,15,8,7,0,0
14,15,8,8,0,0
14,15,8,9,0,0
14,15,8,10,0,0
14,15,8,11,0,0
15,16,1,1,2392.25,158.308
15,16,1,2,1653.03,87.3454
15,16,1,3,1045.37,53.0156
15,16,1,4,334.279,34.9226
15,16,1,5,0,0
15,16,1,6,0,0
15,16,1,7,0,0
15,16,1,8,0,0
15,16,1,9,0,0
15,16,1,10,0,0
15,16,1,11,0,0
15,16,2,1,29846.3,480.132
15,16,2,2,19597.7,276.124
15,16,2,3,13918.8,182.167
15,16,2,4,9849.32,144.058
15,16,2,5,8660.76,154.377
15,16,2,6,1925.48,52.8785
15,16,2,7,254.289,18.3621
15,16,2,8,0,0
15,16,2,9,0,0
15,16,2,10,0,0
15,16,2,11,0,0
15,16,3,1,38888.8,413.82
15,16,3,2,24451.7,275.114
15,16,3,3,17915,259.194
15,16,3,4,13841,170.106
15,16,3,5,18327.5,207.318
15,16,3,6,8420.89,127.66
15,16,3,7,3298.88,64.6649
15,16,3,8,1356.62,41.0679
15,16,3,9,175.68,14.201
15,16,3,10,22.348,5.24867
15,16,3,11,0,0
15,16,4,1,33531.1,288.842
15,16,4,2,19823.8,207.317
15,16,4,3,13950,155.405
15,16,4,4,10713.6,130.519
15,16,4,5,14912.9,141.447
15,16,4,6,8115.07,103.377
15,16,4,7,4113.95,70.7698
15,16,4,8,2294.39,53.6014
15,16,4,9,608.044,26.3046
15,16,4,10,134.507,12.2933
15,16,4,11,0,0
15,16,5,1,22930.7,227.727
15,16,5,2,13897.3,140.634
15,16,5,3,8688.76,128.855
15,16,5,4,6622.31,107.59
15,16,5,5,9063.24,123.848
15,16,5,6,5301.64,90.2195
15,16,5,7,3017.76,58.6653
15,16,5,8,1747.47,48.6592
15,16,5,9,495.151,23.4948
15,16,5,10,89.3822,9.90655
15,16,5,11,0,0
15,16,6,1,10584.5,135.911
15,16,6,2,6490.66,106.079
15,16,6,3,4188.31,81.566
15,16,6,4,2797.76,64.8052
15,16,6,5,3516.28,64.282
15,16,6,6,1807.65,45.531
15,16,6,7,743.561,32.3254
15,16,6,8,425.286,21.1869
15,16,6,9,68.4072,8.69108
15,16,6,10,0,0
15,16,6,11,0,0
15,16,7,1,1969.28,56.4365
15,16,7,2,1227.91,38.1208
15,16,7,3,632.41,27.1498
15,16,7,4,335.323,19.4793
15,16,7,5,278.513,17.862
15,16,7,6,93.6175,10.1292
15,16,7,7,0,0
15,16,7,8,0,0
15,16,7,9,0,0
15,16,7,10,0,0
15,16,7,11,0,0
15,16,8,1,0,0
15,16,8,2,0,0
15,16,8,3,0,0
15,16,8,4,0,0
15,16,8,5,0,0
15,16,8,6,0,0
15,16,8,7,0,0
15,16,8,8,0,0
15,16,8,9,0,0
15,16,8,10,0,0
15,16,8,11,0,0
16,17,1,1,15898.2,532.835
16,17,1,2,14143,285.439
16,17,1,3,9756.78,185.017
16,17,1,4,4057.84,142.362
16,17,1,5,1359.09,51.9918
16,17,1,6,0,0
16,17,1,7,0,0
16,17,1,8,0,0
16,17,1,9,0,0
16,17,1,10,0,0
16,17,1,11,0,0
16,17,2,1,37682.1,568.646
16,17,2,2,34242.2,388.939
16,17,2,3,29018.6,299.626
16,17,2,4,22579.4,248.955
16,17,2,5,25779.8,238.704
16,17,2,6,8605.38,119.327
16,17,2,7,2232.21,59.5264
16,17,2,8,502.269,25.8451
16,17,2,9,0,0
16,17,2,10,0,0
16,17,2,11,0,0
16,17,3,1,29153.6,377.629
16,17,3,2,24314.6,287.949
16,17,3,3,21113.4,239.978
16,17,3,4,17406.1,200.731
16,17,3,5,26074.3,258.25
16,17,3,6,14978.3,152.387
16,17,3,7,8128.14,103.78
16,17,3,8,4816.01,81.8399
16,17,3,9,1343.15,40.8597
16,17,3,10,328.596,20.3956
16,17,3,11,38.9242,6.6358
16,17,4,1,21054.8,226.511
16,17,4,2,15912.5,184.234
16,17,4,3,12732.6,191.702
16,17,4,4,10882.9,130.102
16,17,4,5,16551.7,154.52
16,17,4,6,10812.5,119.433
16,17,4,7,6439,106.208
16,17,4,8,5235.65,79.8938
16,17,4,9,2134.24,51.1264
16,17,4,10,951.898,33.5448
16,17,4,11,325.753,18.9066
16,17,5,1,12946.8,186.891
16,17,5,2,9591.39,152.299
16,17,5,3,7291.84,126.996
16,17,5,4,6001.63,111.937
16,17,5,5,8919.67,128.751
16,17,5,6,6130.21,103.252
16,17,5,7,4195.34,81.2458
16,17,5,8,3432.41,70.639
16,17,5,9,1637.11,47.7591
16,17,5,10,809.561,30.1928
16,17,5,11,269.661,16.9485
16,17,6,1,6891.68,118.647
16,17,6,2,5149.82,99.7979
16,17,6,3,3684.04,81.4152
16,17,6,4,3147.81,74.9987
16,17,6,5,4462.24,85.599
16,17,6,6,3024.87,67.8182
16,17,6,7,1947.52,54.298
16,17,6,8,1633.4,47.885
16,17,6,9,753.236,29.2751
16,17,6,10,277.547,17.4606
16,17,6,11,47.1797,7.18575
16,17,7,1,2594.37,67.4822
16,17,7,2,1697.12,53.3076
16,17,7,3,1133.37,42.5086
16,17,7,4,968.529,34.4326
16,17,7,5,1275.67,39.7043
16,17,7,6,703.618,28.185
16,17,7,7,355.257,19.8644
16,17,7,8,187.978,14.1373
16,17,7,9,40.8634,6.68989
16,17,7,10,0,0
16,17,7,11,0,0
16,17,8,1,123.136,11.8396
16,17,8,2,58.6601,8.28298
16,17,8,3,40.8673,6.90579
16,17,8,4,12.7047,4.0448
16,17,8,5,0,0
16,17,8,6,0,0
16,17,8,7,0,0
16,17,8,8,0,0
16,17,8,9,0,0
16,17,8,10,0,0
16,17,8,11,0,0
17,18,1,1,0,0
17,18,1,2,0,0
17,18,1,3,0,0
17,18,1,4,0,0
17,18,1,5,0,0
17,18,1,6,0,0
17,18,1,7,0,0
17,18,1,8,0,0
17,18,1,9,0,0
17,18,1,10,0,0
17,18,1,11,0,0
17,18,2,1,0,0
17,18,2,2,0,0
17,18,2,3,0,0
17,18,2,4,0,0
17,18,2,5,0,0
17,18,2,6,0,0
17,18,2,7,0,0
17,18,2,8,0,0
17,18,2,9,0,0
17,18,2,10,0,0
17,18,2,11,0,0
17,18,3,1,0,0
17,18,3,2,0,0
17,18,3,3,0,0
17,18,3,4,0,0
17,18,3,5,0,0
17,18,3,6,0,0
17,18,3,7,0,0
17,18,3,8,0,0
17,18,3,9,0,0
17,18,3,10,0,0
17,18,3,11,0,0
17,18,4,1,0,0
17,18,4,2,0,0
17,18,4,3,0,0
17,18,4,4,0,0
17,18,4,5,0,0
17,18,4,6,0,0
17,18,4,7,0,0
17,18,4,8,0,0
17,18,4,9,0,0
17,18,4,10,0,0
17,18,4,11,0,0
17,18,5,1,0,0
17,18,5,2,0,0
17,18,5,3,0,0
17,18,5,4,0,0
17,18,5,5,0,0
17,18,5,6,0,0
17,18,5,7,0,0
17,18,5,8,0,0
17,18,5,9,0,0
17,18,5,10,0,0
17,18,5,11,0,0
17,18,6,1,0,0
17,18,6,2,0,0
17,18,6,3,0,0
17,18,6,4,0,0
17,18,6,5,0,0
17,18,6,6,0,0
17,18,6,7,0,0
17,18,6,8,0,0
17,18,6,9,0,0
17,18,6,10,0,0
17,18,6,11,0,0
17,18,7,1,0,0
17,18,7,2,0,0
17,18,7,3,0,0
17,18,7,4,0,0
17,18,7,5,0,0
17,18,7,6,0,0
17,18,7,7,0,0
17,18,7,8,0,0
17,18,7,9,0,0
17,18,7,10,0,0
17,18,7,11,0,0
17,18,8,1,0,0
17,18,8,2,0,0
17,18,8,3,0,0
17,18,8,4,0,0
17,18,8,5,0,0
17,18,8,6,0,0
17,18,8,7,0,0
17,18,8,8,0,0
17,18,8,9,0,0
17,18,8,10,0,0
17,18,8,11,0,0
18,19,1,1,14575.2,339.799
18,19,1,2,16702,323.855
18,19,1,3,16167.1,270.548
18,19,1,4,11064,253.057
18,19,1,5,9957.07,151.222
18,19,1,6,1418.7,50.4215
18,19,1,7,0,0
18,19,1,8,0,0
18,19,1,9,0,0
18,19,1,10,0,0
18,19,1,11,0,0
18,19,2,1,29257,416.414
18,19,2,2,34114.3,382.276
18,19,2,3,38703.4,330.611
18,19,2,4,34092.1,285.271
18,19,2,5,46704,331.206
18,19,2,6,25058.1,211.293
18,19,2,7,11162.5,133.5
18,19,2,8,5523,91.1083
18,19,2,9,1092.13,37.7857
18,19,2,10,133.893,12.2503
18,19,2,11,0,0
18,19,3,1,14104.2,218.754
18,19,3,2,17522.6,226.819
18,19,3,3,19969.8,207.832
18,19,3,4,21181.9,199.94
18,19,3,5,36365,262.518
18,19,3,6,25453.2,207.671
18,19,3,7,16437.8,176.833
18,19,3,8,13468.5,153.925
18,19,3,9,6006.28,100.908
18,19,3,10,3085.22,62.5214
18,19,3,11,1038.62,34.7619
18,19,4,1,7242.12,164.359
18,19,4,2,8628.49,127.226
18,19,4,3,9606.78,128.389
18,19,4,4,10289,129.153
18,19,4,5,20105.6,173.093
18,19,4,6,16328.8,171.661
18,19,4,7,12146.2,123.687
18,19,4,8,11984.4,126.928
18,19,4,9,6910.4,90.3432
18,19,4,10,4307.74,72.4642
18,19,4,11,2635.35,56.5269
18,19,5,1,4575.69,85.0984
18,19,5,2,5015.48,87.9936
18,19,5,3,4883.46,98.5949
18,19,5,4,5207.96,98.0738
18,19,5,5,10315.3,133.654
18,19,5,6,9423.31,123.946
18,19,5,7,7731.48,108.72
18,19,5,8,8235.41,108.542
18,19,5,9,5061.94,78.6724
18,19,5,10,3815.52,71.5037
18,19,5,11,2902.01,60.9235
18,19,6,1,3189.88,74.1273
18,19,6,2,3018.04,71.8994
18,19,6,3,3012.68,61.5262
18,19,6,4,2684.35,64.2322
18,19,6,5,5483.28,91.767
18,19,6,6,5264.26,87.4962
18,19,6,7,4676.82,79.7356
18,19,6,8,5220.74,83.9285
18,19,6,9,3420.58,67.0196
18,19,6,10,2646.62,54.7183
18,19,6,11,1936.57,49.1766
18,19,7,1,2218.04,55.5356
18,19,7,2,1823.69,51.7162
18,19,7,3,1715.68,48.7056
18,19,7,4,1553.02,46.1745
18,19,7,5,3021.74,63.2742
18,19,7,6,2675.86,59.2381
18,19,7,7,2236.64,54.5659
18,19,7,8,2417.5,55.592
18,19,7,9,1440.82,43.8324
18,19,7,10,1018.9,34.1486
18,19,7,11,447.218,24.5452
18,19,8,1,569.362,25.3959
18,19,8,2,521.841,24.5584
18,19,8,3,476.019,23.0901
18,19,8,4,381.57,20.8092
18,19,8,5,598.94,25.6776
18,19,8,6,357.901,20.603
18,19,8,7,281.39,17.4225
18,19,8,8,198.88,14.5005
18,19,8,9,45.0189,7.2112
18,19,8,10,0,0
18,19,8,11,0,0
19,20,1,1,0,0
19,20,1,2,0,0
19,20,1,3,0,0
19,20,1,4,0,0
19,20,1,5,0,0
19,20,1,6,0,0
19,20,1,7,0,0
19,20,1,8,0,0
19,20,1,9,0,0
19,20,1,10,0,0
19,20,1,11,0,0
19,20,2,1,4162.32,142.54
19,20,2,2,2683.64,98.4897
19,20,2,3,2165.06,68.1652
19,20,2,4,1423.78,51.637
19,20,2,5,1245.92,45.7345
19,20,2,6,347.137,21.5386
19,20,2,7,51.8628,8.0604
19,20,2,8,0,0
19,20,2,9,0,0
19,20,2,10,0,0
19,20,2,11,0,0
19,20,3,1,7933.58,152.179
19,20,3,2,5413.06,116.748
19,20,3,3,4578.5,90.4549
19,20,3,4,3768.64,77.7657
19,20,3,5,4494.01,85.0484
19,20,3,6,1897.06,53.4271
19,20,3,7,855.989,32.3975
19,20,3,8,391.286,21.0677
19,20,3,9,48.6609,7.29139
19,20,3,10,0,0
19,20,3,11,0,0
19,20,4,1,7023.27,110.692
19,20,4,2,4809.46,92.5165
19,20,4,3,3373.16,75.5824
19,20,4,4,3013.18,65.1244
19,20,4,5,4799.78,95.7604
19,20,4,6,2928.48,59.9703
19,20,4,7,1369.44,41.3927
19,20,4,8,844.828,30.9065
19,20,4,9,276.054,17.2783
19,20,4,10,73.7758,8.88591
19,20,4,11,0,0
19,20,5,1,5449.82,87.5791
19,20,5,2,3133.6,70.8975
19,20,5,3,2386.2,57.9467
19,20,5,4,1946.29,48.2925
19,20,5,5,3483.52,64.4631
19,20,5,6,2359.1,58.6358
19,20,5,7,1461.81,40.999
19,20,5,8,965.464,32.8925
19,20,5,9,297.229,17.9043
19,20,5,10,73.0939,9.04578
19,20,5,11,0,0
19,20,6,1,4163.28,79.3677
19,20,6,2,2126.99,50.5814
19,20,6,3,1590.75,42.8046
19,20,6,4,1198.67,36.7572
19,20,6,5,1784.29,45.494
19,20,6,6,1228.57,37.1228
19,20,6,7,785.643,28.7509
19,20,6,8,491.739,22.5457
19,20,6,9,103.208,10.5524
19,20,6,10,0,0
19,20,6,11,0,0
19,20,7,1,1782.59,48.5372
19,20,7,2,718.132,31.1235
19,20,7,3,426.475,21.4525
19,20,7,4,298.361,17.7696
19,20,7,5,318.379,18.4775
19,20,7,6,158.544,13.022
19,20,7,7,43.8329,6.87844
19,20,7,8,0,0
19,20,7,9,0,0
19,20,7,10,0,0
19,20,7,11,0,0
19,20,8,1,25.4566,5.30161
19,20,8,2,0,0
19,20,8,3,0,0
19,20,8,4,0,0
19,20,8,5,0,0
19,20,8,6,0,0
19,20,8,7,0,0
19,20,8,8,0,0
19,20,8,9,0,0
19,20,8,10,0,0
19,20,8,11,0,0
20,21,1,1,0,0
20,21,1,2,0,0
20,21,1,3,0,0
20,21,1,4,0,0
20,21,1,5,0,0
20,21,1,6,0,0
20,21,1,7,0,0
20,21,1,8,0,0
20,21,1,9,0,0
20,21,1,10,0,0
20,21,1,11,0,0
20,21,2,1,0,0
20,21,2,2,0,0
20,21,2,3,0,0
20,21,2,4,0,0
20,21,2,5,0,0
20,21,2,6,0,0
20,21,2,7,0,0
20,21,2,8,0,0
20,21,2,9,0,0
20,21,2,10,0,0
20,21,2,11,0,0
20,21,3,1,538.176,40.8114
20,21,3,2,259.61,23.3522
20,21,3,3,124.624,15.0489
20,21,3,4,129.609,13.2819
20,21,3,5,95.6471,11.5576
20,21,3,6,21.1182,5.31313
20,21,3,7,0,0
20,21,3,8,0,0
20,21,3,9,0,0
20,21,3,10,0,0
20,21,3,11,0,0
20,21,4,1,1149.57,46.7547
20,21,4,2,552.936,31.0831
20,21,4,3,285.574,21.0308
20,21,4,4,292.188,19.6681
20,21,4,5,267.891,18.7487
20,21,4,6,59.9732,8.40233
20,21,4,7,0,0
20,21,4,8,0,0
20,21,4,9,0,0
20,21,4,10,0,0
20,21,4,11,0,0
20,21,5,1,1285.94,42.9356
20,21,5,2,427.526,23.2851
20,21,5,3,174.576,14.5393
20,21,5,4,72.5181,9.73182
20,21,5,5,75.495,9.01028
20,21,5,6,0,0
20,21,5,7,0,0
20,21,5,8,0,0
20,21,5,9,0,0
20,21,5,10,0,0
20,21,5,11,0,0
20,21,6,1,373.325,21.348
20,21,6,2,103.021,10.7269
20,21,6,3,28.5519,6.109
20,21,6,4,0,0
20,21,6,5,0,0
20,21,6,6,0,0
20,21,6,7,0,0
20,21,6,8,0,0
20,21,6,9,0,0
20,21,6,10,0,0
20,21,6,11,0,0
20,21,7,1,0,0
20,21,7,2,0,0
20,21,7,3,0,0
20,21,7,4,0,0
20,21,7,5,0,0
20,21,7,6,0,0
20,21,7,7,0,0
20,21,7,8,0,0
20,21,7,9,0,0
20,21,7,10,0,0
20,21,7,11,0,0
20,21,8,1,0,0
20,21,8,2,0,0
20,21,8,3,0,0
20,21,8,4,0,0
20,21,8,5,0,0
20,21,8,6,0,0
20,21,8,7,0,0
20,21,8,8,0,0
20,21,8,9,0,0
20,21,8,10,0,0
20,21,8,11,0,0
