ixq2,iz,point,x,y,exl,exh,eyl,eyh
1,0,0,0.124787,7.2193,0,0,0.516137,0.516137
1,0,1,0.174371,5.5128,0,0,0.290448,0.290448
1,0,2,0.246331,3.57205,0,0,0.159512,0.159512
1,0,3,0.345124,1.92103,0,0,0.103101,0.103101
1,0,4,0.443954,1.0363,0,0,0.0561791,0.0561791
1,0,5,0.559167,0.496303,0,0,0.0349029,0.0349029
1,0,6,0.703579,0.196403,0,0,0.013652,0.013652
1,0,7,0.836179,0.0759427,0,0,0.0362831,0.0362831
1,1,0,0.0756148,4.01394,0,0,0.565112,0.565112
1,1,1,0.125302,3.45129,0,0,0.316743,0.316743
1,1,2,0.174821,2.78657,0,0,0.187216,0.187216
1,1,3,0.247832,2.00195,0,0,0.110308,0.110308
1,1,4,0.347079,1.22358,0,0,0.0610624,0.0610624
1,1,5,0.446904,0.722724,0,0,0.0359806,0.0359806
1,1,6,0.56772,0.378812,0,0,0.0187265,0.0187265
1,1,7,0.71653,0.177811,0,0,0.0103538,0.0103538
1,1,8,0.882122,0.0756031,0,0,0.00435532,0.00435532
1,2,0,0.0756316,2.08278,0,0,0.20114,0.20114
1,2,1,0.125388,1.79273,0,0,0.128365,0.128365
1,2,2,0.175035,1.48978,0,0,0.129566,0.129566
1,2,3,0.248868,1.13882,0,0,0.0876613,0.0876613
1,2,4,0.347859,0.754552,0,0,0.0442357,0.0442357
1,2,5,0.447382,0.494801,0,0,0.0292504,0.0292504
1,2,6,0.569048,0.297022,0,0,0.0144511,0.0144511
1,2,7,0.718587,0.150629,0,0,0.00751327,0.00751327
1,2,8,0.888867,0.070086,0,0,0.00345438,0.00345438
1,3,0,0.0281926,1.24992,0,0,0.155618,0.155618
1,3,1,0.0753546,1.12463,0,0,0.148003,0.148003
1,3,2,0.125125,0.941352,0,0,0.100334,0.100334
1,3,3,0.175094,0.854336,0,0,0.0778205,0.0778205
1,3,4,0.249267,0.654497,0,0,0.0545675,0.0545675
1,3,5,0.348327,0.455319,0,0,0.0321964,0.0321964
1,3,6,0.447455,0.330143,0,0,0.0208085,0.0208085
1,3,7,0.569279,0.207598,0,0,0.0122355,0.0122355
1,3,8,0.719324,0.116504,0,0,0.00751534,0.00751534
1,3,9,0.88889,0.0583471,0,0,0.00426689,0.00426689
1,4,0,0.0273408,0.672046,0,0,0.102724,0.102724
1,4,1,0.0753001,0.591382,0,0,0.0653965,0.0653965
1,4,2,0.125082,0.556182,0,0,0.0525304,0.0525304
1,4,3,0.174699,0.478988,0,0,0.0418444,0.0418444
1,4,4,0.249216,0.394124,0,0,0.0309029,0.0309029
1,4,5,0.3489,0.280884,0,0,0.0295576,0.0295576
1,4,6,0.448237,0.2068,0,0,0.0217669,0.0217669
1,4,7,0.570233,0.138902,0,0,0.0123533,0.0123533
1,4,8,0.719658,0.0852617,0,0,0.00801065,0.00801065
1,4,9,0.890306,0.0429835,0,0,0.00416621,0.00416621
1,5,0,0.0272955,0.380821,0,0,0.0691049,0.0691049
1,5,1,0.0753321,0.346152,0,0,0.0533035,0.0533035
1,5,2,0.124618,0.321428,0,0,0.0388702,0.0388702
1,5,3,0.174638,0.243943,0,0,0.0364733,0.0364733
1,5,4,0.248802,0.222374,0,0,0.0256913,0.0256913
1,5,5,0.348778,0.159778,0,0,0.0176451,0.0176451
1,5,6,0.448064,0.115861,0,0,0.0134091,0.0134091
1,5,7,0.570998,0.0781012,0,0,0.00831912,0.00831912
1,5,8,0.719218,0.0448696,0,0,0.00530599,0.00530599
1,5,9,0.885998,0.0212195,0,0,0.00340543,0.00340543
2,0,0,0.0261855,12.5363,0,0,2.41626,2.41626
2,0,1,0.0752621,10.4368,0,0,1.38958,1.38958
2,0,2,0.124459,8.22299,0,0,0.711165,0.711165
2,0,3,0.173906,6.17692,0,0,0.455638,0.455638
2,0,4,0.244757,3.87055,0,0,0.225885,0.225885
2,0,5,0.343399,1.9931,0,0,0.126788,0.126788
2,0,6,0.442389,1.05168,0,0,0.0557303,0.0557303
2,0,7,0.553905,0.487632,0,0,0.0360229,0.0360229
2,0,8,0.693653,0.191398,0,0,0.0456369,0.0456369
2,1,0,0.0747998,4.5123,0,0,0.454773,0.454773
2,1,1,0.12494,3.86729,0,0,0.281941,0.281941
2,1,2,0.174545,3.05479,0,0,0.167185,0.167185
2,1,3,0.246966,2.16117,0,0,0.102253,0.102253
2,1,4,0.346388,1.28212,0,0,0.065428,0.065428
2,1,5,0.445954,0.724274,0,0,0.0367725,0.0367725
2,1,6,0.565806,0.374721,0,0,0.0163804,0.0163804
2,1,7,0.71416,0.168037,0,0,0.00771333,0.00771333
2,1,8,0.876173,0.0679208,0,0,0.00611594,0.00611594
2,2,0,0.0256293,2.49572,0,0,0.258749,0.258749
2,2,1,0.0746183,2.26416,0,0,0.157493,0.157493
2,2,2,0.124826,1.90405,0,0,0.126123,0.126123
2,2,3,0.174838,1.65141,0,0,0.110919,0.110919
2,2,4,0.248284,1.23842,0,0,0.062195,0.062195
2,2,5,0.347361,0.809615,0,0,0.0371695,0.0371695
2,2,6,0.446878,0.531493,0,0,0.0240629,0.0240629
2,2,7,0.56772,0.29781,0,0,0.0160346,0.0160346
2,2,8,0.717275,0.145701,0,0,0.0088133,0.0088133
2,2,9,0.885805,0.0658005,0,0,0.00408023,0.00408023
2,3,0,0.0245322,1.41016,0,0,0.1612,0.1612
2,3,1,0.0745623,1.25279,0,0,0.107626,0.107626
2,3,2,0.124604,1.06067,0,0,0.0780927,0.0780927
2,3,3,0.174769,0.897823,0,0,0.0622711,0.0622711
2,3,4,0.248787,0.693236,0,0,0.0414131,0.0414131
2,3,5,0.347993,0.503746,0,0,0.0295185,0.0295185
2,3,6,0.447502,0.346204,0,0,0.0188088,0.0188088
2,3,7,0.568299,0.216201,0,0,0.0122606,0.0122606
2,3,8,0.718427,0.117635,0,0,0.00757819,0.00757819
2,3,9,0.887372,0.0582967,0,0,0.00344993,0.00344993
2,4,0,0.0238661,0.785929,0,0,0.0685542,0.0685542
2,4,1,0.0744191,0.739825,0,0,0.0606844,0.0606844
2,4,2,0.124401,0.624342,0,0,0.044712,0.044712
2,4,3,0.174682,0.51747,0,0,0.0422564,0.0422564
2,4,4,0.248553,0.427612,0,0,0.0298739,0.0298739
2,4,5,0.348607,0.302843,0,0,0.0227527,0.0227527
2,4,6,0.447824,0.224843,0,0,0.0188989,0.0188989
2,4,7,0.568541,0.149271,0,0,0.0105213,0.0105213
2,4,8,0.71767,0.0814619,0,0,0.00582614,0.00582614
2,4,9,0.886585,0.0396389,0,0,0.00262122,0.00262122
2,5,0,0.0233795,0.468898,0,0,0.0586582,0.0586582
2,5,1,0.073947,0.415115,0,0,0.0438804,0.0438804
2,5,2,0.12423,0.386146,0,0,0.0373261,0.0373261
2,5,3,0.174201,0.306147,0,0,0.026797,0.026797
2,5,4,0.247903,0.244279,0,0,0.0204359,0.0204359
2,5,5,0.347679,0.166937,0,0,0.0156919,0.0156919
2,5,6,0.447043,0.119621,0,0,0.0108973,0.0108973
2,5,7,0.566461,0.066196,0,0,0.0067001,0.0067001
2,5,8,0.714607,0.0281369,0,0,0.00309497,0.00309497
2,5,9,0.875439,0.00798953,0,0,0.00123727,0.00123727
3,0,0,0.0255666,14.8556,0,0,3.35404,3.35404
3,0,1,0.0745612,11.9283,0,0,1.89955,1.89955
3,0,2,0.124047,9.14333,0,0,1.0738,1.0738
3,0,3,0.173406,6.61604,0,0,0.636462,0.636462
3,0,4,0.24271,4.13998,0,0,0.370951,0.370951
3,0,5,0.341512,2.10605,0,0,0.136351,0.136351
3,0,6,0.439488,1.06117,0,0,0.131695,0.131695
3,0,7,0.540633,0.568211,0,0,0.0771913,0.0771913
3,1,0,0.0256674,5.94995,0,0,0.514416,0.514416
3,1,1,0.0741098,5.02251,0,0,0.363577,0.363577
3,1,2,0.124793,4.17946,0,0,0.206745,0.206745
3,1,3,0.174458,3.45323,0,0,0.170528,0.170528
3,1,4,0.245782,2.31951,0,0,0.12341,0.12341
3,1,5,0.345106,1.36085,0,0,0.0573548,0.0573548
3,1,6,0.444951,0.732941,0,0,0.0410132,0.0410132
3,1,7,0.561937,0.35102,0,0,0.0173961,0.0173961
3,1,8,0.709936,0.157976,0,0,0.0130324,0.0130324
3,1,9,0.866687,0.0462198,0,0,0.011306,0.011306
3,2,0,0.0239833,2.92382,0,0,0.205194,0.205194
3,2,1,0.0740736,2.58457,0,0,0.158475,0.158475
3,2,2,0.12456,2.09309,0,0,0.136513,0.136513
3,2,3,0.174691,1.80979,0,0,0.099331,0.099331
3,2,4,0.247853,1.32886,0,0,0.0602388,0.0602388
3,2,5,0.346314,0.852696,0,0,0.0306469,0.0306469
3,2,6,0.445912,0.538879,0,0,0.0225836,0.0225836
3,2,7,0.565955,0.30223,0,0,0.0145249,0.0145249
3,2,8,0.715488,0.130155,0,0,0.00695457,0.00695457
3,2,9,0.882653,0.0468629,0,0,0.00275675,0.00275675
3,3,0,0.0225843,1.53676,0,0,0.132196,0.132196
3,3,1,0.0737852,1.36944,0,0,0.0734984,0.0734984
3,3,2,0.124353,1.1597,0,0,0.0692439,0.0692439
3,3,3,0.17462,1.03082,0,0,0.063783,0.063783
3,3,4,0.248524,0.759378,0,0,0.0395182,0.0395182
3,3,5,0.347557,0.540093,0,0,0.0253391,0.0253391
3,3,6,0.446348,0.369199,0,0,0.0162465,0.0162465
3,3,7,0.56687,0.230992,0,0,0.0121987,0.0121987
3,3,8,0.716035,0.111454,0,0,0.00632695,0.00632695
3,3,9,0.881044,0.0427474,0,0,0.00225943,0.00225943
3,4,0,0.0223088,0.942463,0,0,0.0658584,0.0658584
3,4,1,0.0735806,0.815605,0,0,0.0539968,0.0539968
3,4,2,0.124093,0.73854,0,0,0.0403803,0.0403803
3,4,3,0.174504,0.596146,0,0,0.0482995,0.0482995
3,4,4,0.24816,0.49386,0,0,0.0298808,0.0298808
3,4,5,0.347772,0.336139,0,0,0.0183866,0.0183866
3,4,6,0.447436,0.218245,0,0,0.0122272,0.0122272
3,4,7,0.566656,0.140581,0,0,0.00908436,0.00908436
3,4,8,0.71406,0.0569184,0,0,0.00355132,0.00355132
3,4,9,0.874271,0.0177408,0,0,0.00139151,0.00139151
3,5,0,0.022432,0.550985,0,0,0.0504656,0.0504656
3,5,1,0.073376,0.44833,0,0,0.037449,0.037449
3,5,2,0.123552,0.388553,0,0,0.0322933,0.0322933
3,5,3,0.173678,0.302502,0,0,0.0242441,0.0242441
3,5,4,0.246448,0.216871,0,0,0.0120597,0.0120597
3,5,5,0.346239,0.135202,0,0,0.0114578,0.0114578
3,5,6,0.444859,0.0717069,0,0,0.00596326,0.00596326
3,5,7,0.559932,0.0257741,0,0,0.00285416,0.00285416
3,5,8,0.703276,0.00511507,0,0,0.000939347,0.000939347
4,0,0,0.0250616,16.2277,0,0,3.97181,3.97181
4,0,1,0.0735471,13.4719,0,0,2.40431,2.40431
4,0,2,0.123937,10.2805,0,0,1.40129,1.40129
4,0,3,0.173048,7.12732,0,0,0.864466,0.864466
4,0,4,0.240975,4.25237,0,0,0.452829,0.452829
4,0,5,0.338983,2.33345,0,0,0.204728,0.204728
4,0,6,0.433286,0.983028,0,0,0.157176,0.157176
4,1,0,0.024876,6.93121,0,0,0.665813,0.665813
4,1,1,0.0733583,5.79724,0,0,0.37834,0.37834
4,1,2,0.124339,4.71347,0,0,0.287999,0.287999
4,1,3,0.174096,3.68683,0,0,0.200698,0.200698
4,1,4,0.244341,2.44989,0,0,0.104902,0.104902
4,1,5,0.343855,1.37033,0,0,0.0701749,0.0701749
4,1,6,0.443413,0.726076,0,0,0.0528874,0.0528874
4,1,7,0.557904,0.323222,0,0,0.0208995,0.0208995
4,1,8,0.702922,0.114599,0,0,0.0191583,0.0191583
4,2,0,0.0227484,3.34229,0,0,0.212632,0.212632
4,2,1,0.0737887,2.83667,0,0,0.178071,0.178071
4,2,2,0.124209,2.36866,0,0,0.119255,0.119255
4,2,3,0.174397,1.95834,0,0,0.0996468,0.0996468
4,2,4,0.2468,1.48881,0,0,0.0620765,0.0620765
4,2,5,0.345182,0.906807,0,0,0.0460415,0.0460415
4,2,6,0.44488,0.519056,0,0,0.0264753,0.0264753
4,2,7,0.563152,0.252263,0,0,0.0125466,0.0125466
4,2,8,0.711913,0.0978418,0,0,0.00644298,0.00644298
4,2,9,0.870414,0.0194332,0,0,0.00287613,0.00287613
4,3,0,0.0217765,1.82598,0,0,0.102402,0.102402
4,3,1,0.0735496,1.52506,0,0,0.0971934,0.0971934
4,3,2,0.124071,1.33031,0,0,0.078155,0.078155
4,3,3,0.17435,1.15179,0,0,0.0628082,0.0628082
4,3,4,0.247998,0.885517,0,0,0.0373774,0.0373774
4,3,5,0.346476,0.587438,0,0,0.0263128,0.0263128
4,3,6,0.445402,0.381021,0,0,0.0175574,0.0175574
4,3,7,0.562779,0.191724,0,0,0.00832122,0.00832122
4,3,8,0.710625,0.0639704,0,0,0.00330438,0.00330438
4,3,9,0.86879,0.0132777,0,0,0.00144502,0.00144502
4,4,0,0.0218818,1.1198,0,0,0.0613386,0.0613386
4,4,1,0.0732322,0.932985,0,0,0.04769,0.04769
4,4,2,0.123732,0.80462,0,0,0.0400059,0.0400059
4,4,3,0.174332,0.63472,0,0,0.0368168,0.0368168
4,4,4,0.247351,0.503517,0,0,0.0266445,0.0266445
4,4,5,0.346714,0.318579,0,0,0.018132,0.018132
4,4,6,0.445078,0.171245,0,0,0.0104373,0.0104373
4,4,7,0.559694,0.0675499,0,0,0.00406043,0.00406043
4,4,8,0.70564,0.0155131,0,0,0.00184169,0.00184169
4,4,9,0.850584,0.00140694,0,0,0.00031124,0.00031124
4,5,0,0.0219851,0.496611,0,0,0.0332278,0.0332278
4,5,1,0.0725526,0.388263,0,0,0.0297009,0.0297009
4,5,2,0.123092,0.278437,0,0,0.0236765,0.0236765
4,5,3,0.17309,0.181969,0,0,0.0165679,0.0165679
4,5,4,0.243622,0.111263,0,0,0.00870789,0.00870789
4,5,5,0.343064,0.0417282,0,0,0.00450293,0.00450293
4,5,6,0.438781,0.0105416,0,0,0.00272632,0.00272632
5,0,0,0.0240814,19.1237,0,0,4.81981,4.81981
5,0,1,0.0722569,14.1636,0,0,2.84932,2.84932
5,0,2,0.124133,11.0121,0,0,1.75571,1.75571
5,0,3,0.172796,7.99871,0,0,0.985596,0.985596
5,0,4,0.239743,4.44084,0,0,0.52254,0.52254
5,0,5,0.331244,2.19888,0,0,0.511625,0.511625
5,1,0,0.0238732,7.84869,0,0,1.14232,1.14232
5,1,1,0.0720586,6.11145,0,0,0.506762,0.506762
5,1,2,0.124027,5.27357,0,0,0.513307,0.513307
5,1,3,0.174189,4.20114,0,0,0.320869,0.320869
5,1,4,0.243073,2.71595,0,0,0.180165,0.180165
5,1,5,0.342125,1.36866,0,0,0.0993747,0.0993747
5,1,6,0.441096,0.600505,0,0,0.05844,0.05844
5,1,7,0.551103,0.183574,0,0,0.0197556,0.0197556
5,2,0,0.0218471,4.11692,0,0,0.199783,0.199783
5,2,1,0.0731908,3.29993,0,0,0.188331,0.188331
5,2,2,0.123144,2.72168,0,0,0.157954,0.157954
5,2,3,0.174034,2.24091,0,0,0.112476,0.112476
5,2,4,0.245833,1.5286,0,0,0.0608802,0.0608802
5,2,5,0.343589,0.854904,0,0,0.0456291,0.0456291
5,2,6,0.442707,0.404839,0,0,0.0233598,0.0233598
5,2,7,0.556032,0.125273,0,0,0.00810718,0.00810718
5,2,8,0.701197,0.0161267,0,0,0.00570168,0.00570168
5,3,0,0.0214318,2.33422,0,0,0.108558,0.108558
5,3,1,0.073191,1.92213,0,0,0.0979883,0.0979883
5,3,2,0.123519,1.52924,0,0,0.0833388,0.0833388
5,3,3,0.173712,1.18593,0,0,0.0627306,0.0627306
5,3,4,0.245664,0.82425,0,0,0.0410553,0.0410553
5,3,5,0.344228,0.44432,0,0,0.0212527,0.0212527
5,3,6,0.441823,0.183265,0,0,0.0106984,0.0106984
5,3,7,0.55222,0.0507955,0,0,0.00575257,0.00575257
5,3,8,0.692882,0.00529815,0,0,0.00144547,0.00144547
5,4,0,0.0218219,1.20488,0,0,0.0747502,0.0747502
5,4,1,0.0725034,0.918783,0,0,0.0424373,0.0424373
5,4,2,0.123086,0.686399,0,0,0.0483727,0.0483727
5,4,3,0.173216,0.497082,0,0,0.0268867,0.0268867
5,4,4,0.243668,0.271744,0,0,0.0136037,0.0136037
5,4,5,0.341505,0.102143,0,0,0.00592283,0.00592283
5,4,6,0.43726,0.027484,0,0,0.00448125,0.00448125
5,4,7,0.539959,0.0035141,0,0,0.00154255,0.00154255
5,5,0,0.0211252,0.18393,0,0,0.0158086,0.0158086
5,5,1,0.070983,0.104805,0,0,0.0104827,0.0104827
5,5,2,0.120931,0.0585052,0,0,0.00943995,0.00943995
5,5,3,0.172219,0.0253172,0,0,0.00574901,0.00574901
5,5,4,0.234906,0.00506645,0,0,0.00196032,0.00196032
6,0,0,0.022416,19.1898,0,0,6.49408,6.49408
6,0,1,0.0718862,15.3136,0,0,5.05835,5.05835
6,0,2,0.123896,11.3277,0,0,4.01849,4.01849
6,0,3,0.172599,5.06025,0,0,1.90057,1.90057
6,0,4,0.234848,2.8161,0,0,1.12047,1.12047
6,1,0,0.0219197,8.68424,0,0,1.69303,1.69303
6,1,1,0.0712174,6.65836,0,0,0.643477,0.643477
6,1,2,0.1237,5.71157,0,0,0.674567,0.674567
6,1,3,0.174125,4.47683,0,0,0.443193,0.443193
6,1,4,0.241301,2.4622,0,0,0.219208,0.219208
6,1,5,0.335687,0.788293,0,0,0.11416,0.11416
6,1,6,0.430944,0.170875,0,0,0.0800921,0.0800921
6,2,0,0.0205924,4.7962,0,0,0.427861,0.427861
6,2,1,0.0725044,3.31528,0,0,0.294889,0.294889
6,2,2,0.122406,2.77422,0,0,0.269217,0.269217
6,2,3,0.173633,2.21721,0,0,0.190564,0.190564
6,2,4,0.243916,1.27826,0,0,0.0967999,0.0967999
6,2,5,0.33759,0.391274,0,0,0.0438034,0.0438034
6,2,6,0.430772,0.0494433,0,0,0.0125982,0.0125982
6,3,0,0.0210089,2.60919,0,0,0.127105,0.127105
6,3,1,0.0719696,1.85177,0,0,0.133382,0.133382
6,3,2,0.122308,1.1578,0,0,0.0921462,0.0921462
6,3,3,0.172469,0.73282,0,0,0.0782499,0.0782499
6,3,4,0.240202,0.313981,0,0,0.0284425,0.0284425
6,3,5,0.33568,0.0470593,0,0,0.00647847,0.00647847
6,4,0,0.0206538,0.623783,0,0,0.0394849,0.0394849
6,4,1,0.0707391,0.313658,0,0,0.0360943,0.0360943
6,4,2,0.121413,0.129207,0,0,0.0222148,0.0222148
6,4,3,0.170698,0.0471324,0,0,0.0117058,0.0117058
6,4,4,0.225535,0.0109388,0,0,0.00616674,0.00616674
7,1,0,0.0204408,8.21197,0,0,2.01585,2.01585
7,1,1,0.0714286,6.23763,0,0,1.12953,1.12953
7,1,2,0.123253,5.95088,0,0,1.37601,1.37601
7,1,3,0.173935,4.37125,0,0,1.19424,1.19424
7,1,4,0.234426,1.18816,0,0,0.293291,0.293291
7,2,0,0.018858,4.62832,0,0,0.656947,0.656947
7,2,1,0.0731083,3.04429,0,0,0.478651,0.478651
7,2,2,0.121556,2.26252,0,0,0.331945,0.331945
7,2,3,0.171568,1.4709,0,0,0.171969,0.171969
7,2,4,0.230655,0.334703,0,0,0.0605483,0.0605483
7,3,0,0.0190776,1.86954,0,0,0.128347,0.128347
7,3,1,0.0699599,0.805987,0,0,0.0860714,0.0860714
7,3,2,0.119802,0.286752,0,0,0.0921168,0.0921168
7,4,0,0.0166188,0.0419843,0,0,0.0187202,0.0187202
8,0,0,0.124711,6.97673,0,0,0.482467,0.482467
8,0,1,0.174312,5.20692,0,0,0.306659,0.306659
8,0,2,0.245795,3.34398,0,0,0.165196,0.165196
8,0,3,0.344597,1.74451,0,0,0.0979372,0.0979372
8,0,4,0.4432,0.926699,0,0,0.0465197,0.0465197
8,0,5,0.557294,0.423678,0,0,0.0286121,0.0286121
8,0,6,0.698862,0.185165,0,0,0.0174102,0.0174102
8,1,0,0.0751311,3.90484,0,0,0.47158,0.47158
8,1,1,0.12498,3.23248,0,0,0.300302,0.300302
8,1,2,0.174711,2.64777,0,0,0.190526,0.190526
8,1,3,0.247735,1.89272,0,0,0.104686,0.104686
8,1,4,0.346932,1.13472,0,0,0.0592443,0.0592443
8,1,5,0.446865,0.678418,0,0,0.0416538,0.0416538
8,1,6,0.567027,0.349034,0,0,0.0165636,0.0165636
8,1,7,0.716256,0.154692,0,0,0.00865312,0.00865312
8,1,8,0.880934,0.0678246,0,0,0.00381035,0.00381035
8,2,0,0.026773,2.14844,0,0,0.282568,0.282568
8,2,1,0.0752315,1.97159,0,0,0.172093,0.172093
8,2,2,0.124965,1.73205,0,0,0.11447,0.11447
8,2,3,0.174845,1.48707,0,0,0.124291,0.124291
8,2,4,0.248396,1.06981,0,0,0.0782023,0.0782023
8,2,5,0.347673,0.713073,0,0,0.041242,0.041242
8,2,6,0.447041,0.463768,0,0,0.0235397,0.0235397
8,2,7,0.568345,0.273081,0,0,0.0146426,0.0146426
8,2,8,0.718073,0.13892,0,0,0.00740305,0.00740305
8,2,9,0.887926,0.0644805,0,0,0.00352727,0.00352727
8,3,0,0.0258127,1.22987,0,0,0.16566,0.16566
8,3,1,0.0750346,1.06888,0,0,0.124491,0.124491
8,3,2,0.124729,0.933378,0,0,0.0872338,0.0872338
8,3,3,0.174657,0.785548,0,0,0.0639587,0.0639587
8,3,4,0.248711,0.620081,0,0,0.0424523,0.0424523
8,3,5,0.348015,0.435001,0,0,0.0269097,0.0269097
8,3,6,0.447462,0.311675,0,0,0.0179451,0.0179451
8,3,7,0.568563,0.196291,0,0,0.0115158,0.0115158
8,3,8,0.718424,0.106554,0,0,0.00688023,0.00688023
8,3,9,0.88916,0.0523554,0,0,0.00372408,0.00372408
8,4,0,0.0251055,0.658682,0,0,0.0825879,0.0825879
8,4,1,0.074925,0.634986,0,0,0.0611125,0.0611125
8,4,2,0.124659,0.566874,0,0,0.0479725,0.0479725
8,4,3,0.174689,0.459329,0,0,0.0368997,0.0368997
8,4,4,0.248637,0.367659,0,0,0.0320453,0.0320453
8,4,5,0.348418,0.278448,0,0,0.0285887,0.0285887
8,4,6,0.447734,0.198206,0,0,0.0177988,0.0177988
8,4,7,0.569894,0.134856,0,0,0.0119918,0.0119918
8,4,8,0.718871,0.0811567,0,0,0.00687383,0.00687383
8,4,9,0.888758,0.0397612,0,0,0.00371058,0.00371058
8,5,0,0.0248129,0.391852,0,0,0.0477448,0.0477448
8,5,1,0.0744601,0.347856,0,0,0.0470131,0.0470131
8,5,2,0.124406,0.299629,0,0,0.0372508,0.0372508
8,5,3,0.174607,0.262665,0,0,0.0332668,0.0332668
8,5,4,0.248006,0.211872,0,0,0.0238484,0.0238484
8,5,5,0.34849,0.160298,0,0,0.0184479,0.0184479
8,5,6,0.448426,0.108624,0,0,0.013554,0.013554
8,5,7,0.568965,0.0698784,0,0,0.00780122,0.00780122
8,5,8,0.716717,0.0360761,0,0,0.00549008,0.00549008
8,5,9,0.882826,0.0147214,0,0,0.00196674,0.00196674
9,0,0,0.0256373,11.8916,0,0,2.32655,2.32655
9,0,1,0.0747771,9.52015,0,0,1.21484,1.21484
9,0,2,0.124429,7.50239,0,0,0.675703,0.675703
9,0,3,0.173871,5.48568,0,0,0.385252,0.385252
9,0,4,0.244118,3.48076,0,0,0.217381,0.217381
9,0,5,0.342789,1.79878,0,0,0.105853,0.105853
9,0,6,0.441357,0.910273,0,0,0.056475,0.056475
9,0,7,0.551587,0.460167,0,0,0.0284953,0.0284953
9,0,8,0.688368,0.13231,0,0,0.0411312,0.0411312
9,1,0,0.0744551,4.25244,0,0,0.380823,0.380823
9,1,1,0.124662,3.55984,0,0,0.242582,0.242582
9,1,2,0.174582,2.85697,0,0,0.169993,0.169993
9,1,3,0.246816,1.98523,0,0,0.0942224,0.0942224
9,1,4,0.345852,1.16017,0,0,0.0525082,0.0525082
9,1,5,0.445977,0.65789,0,0,0.0329591,0.0329591
9,1,6,0.565287,0.326474,0,0,0.0186684,0.0186684
9,1,7,0.712691,0.136242,0,0,0.0084416,0.0084416
9,1,8,0.874204,0.0544191,0,0,0.00296065,0.00296065
9,2,0,0.0243494,2.42754,0,0,0.198523,0.198523
9,2,1,0.0743909,2.06105,0,0,0.147547,0.147547
9,2,2,0.124664,1.80476,0,0,0.114837,0.114837
9,2,3,0.174599,1.49459,0,0,0.0870922,0.0870922
9,2,4,0.247948,1.10153,0,0,0.0578533,0.0578533
9,2,5,0.347042,0.744498,0,0,0.0328066,0.0328066
9,2,6,0.446636,0.470508,0,0,0.023694,0.023694
9,2,7,0.566802,0.268046,0,0,0.0122561,0.0122561
9,2,8,0.717301,0.128869,0,0,0.00679679,0.00679679
9,2,9,0.885503,0.0522467,0,0,0.00396395,0.00396395
9,3,0,0.0234345,1.31877,0,0,0.143111,0.143111
9,3,1,0.074146,1.19607,0,0,0.0901714,0.0901714
9,3,2,0.124435,1.01261,0,0,0.0721146,0.0721146
9,3,3,0.174498,0.880594,0,0,0.0494029,0.0494029
9,3,4,0.248068,0.647181,0,0,0.0354223,0.0354223
9,3,5,0.347833,0.460421,0,0,0.0243571,0.0243571
9,3,6,0.447428,0.318312,0,0,0.0171318,0.0171318
9,3,7,0.567944,0.200148,0,0,0.0119977,0.0119977
9,3,8,0.717129,0.106723,0,0,0.00631694,0.00631694
9,3,9,0.885341,0.0482476,0,0,0.00268941,0.00268941
9,4,0,0.0234547,0.754736,0,0,0.06447,0.06447
9,4,1,0.073825,0.6834,0,0,0.0546136,0.0546136
9,4,2,0.124296,0.586842,0,0,0.0327283,0.0327283
9,4,3,0.174283,0.505222,0,0,0.0422833,0.0422833
9,4,4,0.248045,0.420009,0,0,0.0339259,0.0339259
9,4,5,0.34767,0.295243,0,0,0.0207046,0.0207046
9,4,6,0.44736,0.208843,0,0,0.0167379,0.0167379
9,4,7,0.568296,0.127378,0,0,0.00933066,0.00933066
9,4,8,0.716456,0.0696747,0,0,0.00556684,0.00556684
9,4,9,0.881731,0.0283074,0,0,0.00217484,0.00217484
9,5,0,0.0232539,0.471403,0,0,0.0516303,0.0516303
9,5,1,0.0737574,0.403486,0,0,0.0412466,0.0412466
9,5,2,0.123931,0.323518,0,0,0.0320985,0.0320985
9,5,3,0.174278,0.276714,0,0,0.0310016,0.0310016
9,5,4,0.246961,0.207,0,0,0.0213952,0.0213952
9,5,5,0.346687,0.140991,0,0,0.014897,0.014897
9,5,6,0.44648,0.0899163,0,0,0.0089742,0.0089742
9,5,7,0.563712,0.0434943,0,0,0.0047343,0.0047343
9,5,8,0.712442,0.0128466,0,0,0.0022093,0.0022093
9,5,9,0.868624,0.00336697,0,0,0.000840196,0.000840196
10,0,0,0.0249782,13.646,0,0,3.47606,3.47606
10,0,1,0.0738199,10.7687,0,0,1.79461,1.79461
10,0,2,0.123928,8.26933,0,0,1.06484,1.06484
10,0,3,0.173352,6.13386,0,0,0.549821,0.549821
10,0,4,0.241605,3.78007,0,0,0.338289,0.338289
10,0,5,0.340312,1.91227,0,0,0.132651,0.132651
10,0,6,0.437465,0.954807,0,0,0.0919348,0.0919348
10,0,7,0.533533,0.365944,0,0,0.131181,0.131181
10,1,0,0.0244913,5.53514,0,0,0.3897,0.3897
10,1,1,0.073716,4.67186,0,0,0.265446,0.265446
10,1,2,0.124193,3.85583,0,0,0.180699,0.180699
10,1,3,0.174207,3.0526,0,0,0.137294,0.137294
10,1,4,0.245299,2.08208,0,0,0.101543,0.101543
10,1,5,0.344519,1.16538,0,0,0.0566733,0.0566733
10,1,6,0.444303,0.620197,0,0,0.0360198,0.0360198
10,1,7,0.560358,0.291454,0,0,0.0181545,0.0181545
10,1,8,0.706923,0.11006,0,0,0.00657869,0.00657869
10,1,9,0.86113,0.0285078,0,0,0.00505205,0.00505205
10,2,0,0.0228843,2.79937,0,0,0.189167,0.189167
10,2,1,0.0738897,2.32147,0,0,0.145869,0.145869
10,2,2,0.124267,2.00035,0,0,0.115888,0.115888
10,2,3,0.174377,1.6594,0,0,0.082949,0.082949
10,2,4,0.247064,1.21157,0,0,0.0506946,0.0506946
10,2,5,0.345781,0.756567,0,0,0.0335463,0.0335463
10,2,6,0.445476,0.458198,0,0,0.0196523,0.0196523
10,2,7,0.564207,0.240484,0,0,0.0101382,0.0101382
10,2,8,0.713534,0.094482,0,0,0.00484893,0.00484893
10,2,9,0.876624,0.0250934,0,0,0.0020921,0.0020921
10,3,0,0.0223857,1.49755,0,0,0.0929825,0.0929825
10,3,1,0.0734471,1.30577,0,0,0.0800881,0.0800881
10,3,2,0.124087,1.11343,0,0,0.0571149,0.0571149
10,3,3,0.174248,0.975415,0,0,0.0551506,0.0551506
10,3,4,0.247524,0.734132,0,0,0.0321946,0.0321946
10,3,5,0.346942,0.486721,0,0,0.0248914,0.0248914
10,3,6,0.445994,0.323903,0,0,0.0155056,0.0155056
10,3,7,0.564579,0.173984,0,0,0.00812813,0.00812813
10,3,8,0.712985,0.0676724,0,0,0.00365968,0.00365968
10,3,9,0.876741,0.0181956,0,0,0.00123553,0.00123553
10,4,0,0.0227121,0.901933,0,0,0.0592373,0.0592373
10,4,1,0.0732214,0.802592,0,0,0.0416674,0.0416674
10,4,2,0.123755,0.668418,0,0,0.0368734,0.0368734
10,4,3,0.174146,0.589372,0,0,0.0356881,0.0356881
10,4,4,0.246792,0.44692,0,0,0.0272982,0.0272982
10,4,5,0.346549,0.281162,0,0,0.0150323,0.0150323
10,4,6,0.446151,0.159723,0,0,0.0106719,0.0106719
10,4,7,0.562161,0.0738693,0,0,0.00449948,0.00449948
10,4,8,0.709375,0.0224636,0,0,0.0021466,0.0021466
10,4,9,0.864976,0.00486535,0,0,0.00046794,0.00046794
10,5,0,0.0228895,0.436031,0,0,0.0349659,0.0349659
10,5,1,0.0729433,0.328982,0,0,0.029659,0.029659
10,5,2,0.123124,0.246752,0,0,0.0202456,0.0202456
10,5,3,0.173406,0.187949,0,0,0.0145877,0.0145877
10,5,4,0.243822,0.113895,0,0,0.00935711,0.00935711
10,5,5,0.343485,0.0512239,0,0,0.00472135,0.00472135
10,5,6,0.441336,0.017919,0,0,0.00243699,0.00243699
10,5,7,0.552559,0.0060561,0,0,0.00160959,0.00160959
11,0,0,0.0240572,15.0441,0,0,4.3084,4.3084
11,0,1,0.0721383,11.3633,0,0,2.1024,2.1024
11,0,2,0.123611,8.58726,0,0,1.29792,1.29792
11,0,3,0.173261,6.82943,0,0,0.748917,0.748917
11,0,4,0.23909,3.74446,0,0,0.365016,0.365016
11,0,5,0.332918,1.73803,0,0,0.276483,0.276483
11,1,0,0.023457,6.2055,0,0,0.775781,0.775781
11,1,1,0.0728131,5.05598,0,0,0.367464,0.367464
11,1,2,0.123582,4.12154,0,0,0.288025,0.288025
11,1,3,0.173978,3.32764,0,0,0.175463,0.175463
11,1,4,0.244341,2.22377,0,0,0.122109,0.122109
11,1,5,0.342723,1.18319,0,0,0.0815871,0.0815871
11,1,6,0.441501,0.549229,0,0,0.0401913,0.0401913
11,1,7,0.550493,0.182179,0,0,0.0210181,0.0210181
11,2,0,0.0223057,3.20734,0,0,0.17328,0.17328
11,2,1,0.0734631,2.63184,0,0,0.157638,0.157638
11,2,2,0.123582,2.25948,0,0,0.118461,0.118461
11,2,3,0.173816,1.8318,0,0,0.0934946,0.0934946
11,2,4,0.245598,1.2872,0,0,0.0535195,0.0535195
11,2,5,0.344962,0.720506,0,0,0.0279543,0.0279543
11,2,6,0.443545,0.389106,0,0,0.0235737,0.0235737
11,2,7,0.557524,0.133528,0,0,0.010066,0.010066
11,2,8,0.703733,0.0189313,0,0,0.00495668,0.00495668
11,3,0,0.0222484,1.88626,0,0,0.0937122,0.0937122
11,3,1,0.073049,1.56782,0,0,0.0834916,0.0834916
11,3,2,0.12353,1.31113,0,0,0.070365,0.070365
11,3,3,0.173728,0.983112,0,0,0.078712,0.078712
11,3,4,0.245753,0.733494,0,0,0.0413668,0.0413668
11,3,5,0.344758,0.410247,0,0,0.0199663,0.0199663
11,3,6,0.442861,0.192106,0,0,0.0100283,0.0100283
11,3,7,0.553857,0.0555129,0,0,0.00297298,0.00297298
11,3,8,0.698889,0.00592008,0,0,0.00113757,0.00113757
11,4,0,0.0226064,0.990736,0,0,0.0526012,0.0526012
11,4,1,0.0727021,0.788181,0,0,0.0457617,0.0457617
11,4,2,0.123145,0.631657,0,0,0.0395225,0.0395225
11,4,3,0.173374,0.467957,0,0,0.0303325,0.0303325
11,4,4,0.243623,0.257686,0,0,0.0163063,0.0163063
11,4,5,0.34126,0.10464,0,0,0.00554865,0.00554865
11,4,6,0.438999,0.030312,0,0,0.00294969,0.00294969
11,4,7,0.542345,0.00446826,0,0,0.000829515,0.000829515
11,5,0,0.0218532,0.17456,0,0,0.017606,0.017606
11,5,1,0.0714516,0.0987398,0,0,0.00903688,0.00903688
11,5,2,0.121317,0.0507035,0,0,0.00644914,0.00644914
11,5,3,0.171923,0.0266255,0,0,0.00672715,0.00672715
11,5,4,0.235123,0.0076939,0,0,0.00189967,0.00189967
12,0,0,0.0226131,14.9727,0,0,4.90375,4.90375
12,0,1,0.0715369,10.4492,0,0,1.87963,1.87963
12,0,2,0.12355,7.94619,0,0,1.17451,1.17451
12,0,3,0.173195,5.27686,0,0,0.670235,0.670235
12,0,4,0.233166,2.67267,0,0,0.363157,0.363157
12,1,0,0.0217293,6.99797,0,0,1.35704,1.35704
12,1,1,0.0721733,5.08825,0,0,0.46711,0.46711
12,1,2,0.123008,4.04023,0,0,0.387164,0.387164
12,1,3,0.173733,3.43192,0,0,0.295129,0.295129
12,1,4,0.242508,1.86043,0,0,0.121612,0.121612
12,1,5,0.338017,0.572898,0,0,0.0501541,0.0501541
12,1,6,0.436334,0.137415,0,0,0.0255767,0.0255767
12,1,7,0.535361,0.0225526,0,0,0.0141357,0.0141357
12,2,0,0.0214232,3.69877,0,0,0.253644,0.253644
12,2,1,0.0725453,2.79667,0,0,0.152269,0.152269
12,2,2,0.123027,2.03631,0,0,0.136276,0.136276
12,2,3,0.17305,1.4756,0,0,0.0938074,0.0938074
12,2,4,0.243326,0.824834,0,0,0.0357722,0.0357722
12,2,5,0.340786,0.290063,0,0,0.0225276,0.0225276
12,2,6,0.437805,0.0636278,0,0,0.00697045,0.00697045
12,2,7,0.53483,0.00604452,0,0,0.0020603,0.0020603
12,3,0,0.0219075,1.88438,0,0,0.0962142,0.0962142
12,3,1,0.0719548,1.26276,0,0,0.0747961,0.0747961
12,3,2,0.122505,0.843456,0,0,0.0504025,0.0504025
12,3,3,0.172707,0.48967,0,0,0.0353641,0.0353641
12,3,4,0.241391,0.242173,0,0,0.0199778,0.0199778
12,3,5,0.338297,0.0684973,0,0,0.00563352,0.00563352
12,3,6,0.434041,0.0145195,0,0,0.00449661,0.00449661
12,4,0,0.0216511,0.411865,0,0,0.0253864,0.0253864
12,4,1,0.0715002,0.236363,0,0,0.0174227,0.0174227
12,4,2,0.121345,0.137731,0,0,0.0127318,0.0127318
12,4,3,0.171225,0.0570473,0,0,0.00682647,0.00682647
12,4,4,0.236332,0.019515,0,0,0.00324513,0.00324513
12,5,0,0.0198073,0.00751543,0,0,0.00233745,0.00233745
13,0,0,0.0256471,10.4525,0,0,2.06388,2.06388
13,0,1,0.124578,6.94976,0,0,0.490132,0.490132
13,0,2,0.174179,5.16854,0,0,0.30064,0.30064
13,0,3,0.245323,3.21705,0,0,0.169707,0.169707
13,0,4,0.343332,1.68122,0,0,0.106583,0.106583
13,0,5,0.442258,0.871986,0,0,0.0639809,0.0639809
13,0,6,0.553545,0.426505,0,0,0.0293993,0.0293993
13,0,7,0.688895,0.169486,0,0,0.0429673,0.0429673
13,1,0,0.0746938,3.90561,0,0,0.453273,0.453273
13,1,1,0.12478,3.32766,0,0,0.266638,0.266638
13,1,2,0.174599,2.6878,0,0,0.179319,0.179319
13,1,3,0.247204,1.88394,0,0,0.105296,0.105296
13,1,4,0.346753,1.13069,0,0,0.0674123,0.0674123
13,1,5,0.446357,0.641943,0,0,0.0333445,0.0333445
13,1,6,0.566422,0.322532,0,0,0.0161467,0.0161467
13,1,7,0.715187,0.144946,0,0,0.00822585,0.00822585
13,1,8,0.877298,0.0532199,0,0,0.00368706,0.00368706
13,2,0,0.024903,2.16944,0,0,0.214049,0.214049
13,2,1,0.07481,2.00537,0,0,0.133081,0.133081
13,2,2,0.124734,1.67607,0,0,0.10059,0.10059
13,2,3,0.174551,1.46205,0,0,0.105599,0.105599
13,2,4,0.247839,1.03824,0,0,0.0696253,0.0696253
13,2,5,0.347229,0.694221,0,0,0.0389864,0.0389864
13,2,6,0.446875,0.449834,0,0,0.0235561,0.0235561
13,2,7,0.567866,0.254362,0,0,0.0140785,0.0140785
13,2,8,0.718205,0.12896,0,0,0.00705464,0.00705464
13,2,9,0.886275,0.0546178,0,0,0.003635,0.003635
13,3,0,0.0241094,1.21942,0,0,0.129394,0.129394
13,3,1,0.0746031,1.08531,0,0,0.106829,0.106829
13,3,2,0.124494,0.922308,0,0,0.0770327,0.0770327
13,3,3,0.174389,0.799335,0,0,0.0661019,0.0661019
13,3,4,0.24802,0.613007,0,0,0.0410085,0.0410085
13,3,5,0.347567,0.433223,0,0,0.0211401,0.0211401
13,3,6,0.447251,0.302387,0,0,0.0174607,0.0174607
13,3,7,0.568148,0.191667,0,0,0.00933218,0.00933218
13,3,8,0.717886,0.105297,0,0,0.00687836,0.00687836
13,3,9,0.886517,0.0499699,0,0,0.00331189,0.00331189
13,4,0,0.023859,0.687791,0,0,0.075414,0.075414
13,4,1,0.0743263,0.632366,0,0,0.0465148,0.0465148
13,4,2,0.124416,0.541684,0,0,0.0448738,0.0448738
13,4,3,0.174394,0.502675,0,0,0.0348536,0.0348536
13,4,4,0.247891,0.39,0,0,0.0304547,0.0304547
13,4,5,0.347708,0.285921,0,0,0.0277859,0.0277859
13,4,6,0.448076,0.204302,0,0,0.0181682,0.0181682
13,4,7,0.568782,0.129696,0,0,0.0110096,0.0110096
13,4,8,0.717308,0.0693811,0,0,0.00543694,0.00543694
13,4,9,0.885805,0.0336708,0,0,0.00331931,0.00331931
13,5,0,0.0237959,0.403809,0,0,0.0618878,0.0618878
13,5,1,0.0743155,0.354745,0,0,0.0481956,0.0481956
13,5,2,0.124103,0.309956,0,0,0.0394717,0.0394717
13,5,3,0.174242,0.276105,0,0,0.0308539,0.0308539
13,5,4,0.247162,0.207488,0,0,0.0237585,0.0237585
13,5,5,0.347344,0.14282,0,0,0.0170399,0.0170399
13,5,6,0.446195,0.0899032,0,0,0.0114489,0.0114489
13,5,7,0.566114,0.0497039,0,0,0.00603462,0.00603462
13,5,8,0.711912,0.0198785,0,0,0.00261495,0.00261495
13,5,9,0.874286,0.00590753,0,0,0.000928636,0.000928636
14,0,0,0.0741732,9.68856,0,0,1.23788,1.23788
14,0,1,0.124144,7.51975,0,0,0.719876,0.719876
14,0,2,0.173814,5.48402,0,0,0.407241,0.407241
14,0,3,0.243233,3.39449,0,0,0.279021,0.279021
14,0,4,0.341255,1.76189,0,0,0.121637,0.121637
14,0,5,0.439621,0.885431,0,0,0.0618333,0.0618333
14,0,6,0.542379,0.435584,0,0,0.0595857,0.0595857
14,1,0,0.0741469,4.2849,0,0,0.392089,0.392089
14,1,1,0.124303,3.47605,0,0,0.215775,0.215775
14,1,2,0.174402,2.80639,0,0,0.155729,0.155729
14,1,3,0.246298,1.93404,0,0,0.0982847,0.0982847
14,1,4,0.345496,1.10071,0,0,0.0582626,0.0582626
14,1,5,0.445158,0.605664,0,0,0.0373059,0.0373059
14,1,6,0.563268,0.28157,0,0,0.0174228,0.0174228
14,1,7,0.709607,0.117525,0,0,0.0080456,0.0080456
14,1,8,0.867343,0.0360823,0,0,0.00680231,0.00680231
14,2,0,0.023346,2.50399,0,0,0.193857,0.193857
14,2,1,0.0741696,2.12518,0,0,0.156064,0.156064
14,2,2,0.124387,1.82629,0,0,0.129714,0.129714
14,2,3,0.174499,1.54561,0,0,0.0871736,0.0871736
14,2,4,0.247337,1.12317,0,0,0.0571715,0.0571715
14,2,5,0.346848,0.70877,0,0,0.042005,0.042005
14,2,6,0.446199,0.452419,0,0,0.0214311,0.0214311
14,2,7,0.565172,0.237057,0,0,0.0124598,0.0124598
14,2,8,0.715638,0.103174,0,0,0.00664778,0.00664778
14,2,9,0.88189,0.0344349,0,0,0.00282232,0.00282232
14,3,0,0.0229809,1.34705,0,0,0.126104,0.126104
14,3,1,0.0736686,1.19586,0,0,0.0892809,0.0892809
14,3,2,0.124238,1.02584,0,0,0.0669939,0.0669939
14,3,3,0.174375,0.844958,0,0,0.0632466,0.0632466
14,3,4,0.247499,0.677813,0,0,0.0410263,0.0410263
14,3,5,0.34729,0.460821,0,0,0.0262874,0.0262874
14,3,6,0.446693,0.311271,0,0,0.0176565,0.0176565
14,3,7,0.566422,0.181494,0,0,0.0108506,0.0108506
14,3,8,0.714825,0.0850794,0,0,0.00503361,0.00503361
14,3,9,0.88023,0.0293475,0,0,0.00214238,0.00214238
14,4,0,0.0232878,0.826019,0,0,0.0635968,0.0635968
14,4,1,0.0735485,0.746814,0,0,0.0533997,0.0533997
14,4,2,0.123981,0.628968,0,0,0.0509063,0.0509063
14,4,3,0.174194,0.551097,0,0,0.057159,0.057159
14,4,4,0.247132,0.420824,0,0,0.0269587,0.0269587
14,4,5,0.34698,0.285468,0,0,0.02121,0.02121
14,4,6,0.446569,0.182322,0,0,0.0138738,0.0138738
14,4,7,0.563741,0.0936037,0,0,0.0070171,0.0070171
14,4,8,0.711673,0.035277,0,0,0.00343416,0.00343416
14,4,9,0.872056,0.00822467,0,0,0.00148408,0.00148408
14,5,0,0.0234325,0.437038,0,0,0.0529082,0.0529082
14,5,1,0.0731846,0.350642,0,0,0.043393,0.043393
14,5,2,0.123291,0.276981,0,0,0.0258552,0.0258552
14,5,3,0.173472,0.212733,0,0,0.0213654,0.0213654
14,5,4,0.245259,0.143416,0,0,0.0135615,0.0135615
14,5,5,0.344031,0.0660749,0,0,0.00838826,0.00838826
14,5,6,0.443305,0.031807,0,0,0.00563735,0.00563735
14,5,7,0.558168,0.010795,0,0,0.00191787,0.00191787
14,5,8,0.702333,0.0018897,0,0,0.00107221,0.00107221
