xq2_bin,z_bin,pt2_bin,phi_content_sum,phi_bin_count,z0,pt20
0,1,1,18313.256,8,0,0
0,1,2,22908.755,8,0,1
0,1,3,18430.138,8,0,2
0,1,4,12789.87,8,0,3
0,1,5,10725.329,8,0,4
0,1,6,1463.2055,8,0,5
0,1,7,0.0,8,0,6
0,1,8,0.0,8,0,7
0,1,9,0.0,8,0,8
0,1,10,0.0,8,0,9
0,1,11,0.0,8,0,10
0,2,1,21453.29,8,1,0
0,2,2,29663.69,8,1,1
0,2,3,32059.644,8,1,2
0,2,4,28025.993000000002,8,1,3
0,2,5,42228.155,8,1,4
0,2,6,24350.129,8,1,5
0,2,7,11565.011,8,1,6
0,2,8,5656.935,8,1,7
0,2,9,1147.0958,8,1,8
0,2,10,55.278999999999996,8,1,9
0,2,11,0.0,8,1,10
0,3,1,7841.0574,8,2,0
0,3,2,12067.305,8,2,1
0,3,3,13865.7977,8,2,2
0,3,4,14540.1419,8,2,3
0,3,5,25917.539999999997,8,2,4
0,3,6,19949.635000000002,8,2,5
0,3,7,13696.121,8,2,6
0,3,8,12091.772,8,2,7
0,3,9,5984.19,8,2,8
0,3,10,3089.8011,8,2,9
0,3,11,1006.9730999999999,8,2,10
0,4,1,3049.9026000000003,8,3,0
0,4,2,5294.3703,8,3,1
0,4,3,6234.751,8,3,2
0,4,4,6334.7080000000005,8,3,3
0,4,5,13432.43,8,3,4
0,4,6,11335.4097,8,3,5
0,4,7,8814.610999999999,8,3,6
0,4,8,9463.91,8,3,7
0,4,9,5621.849,8,3,8
0,4,10,3822.9703,8,3,9
0,4,11,2650.8884,8,3,10
0,5,1,1942.372,8,4,0
0,5,2,2859.3558000000003,8,4,1
0,5,3,3083.2925999999998,8,4,2
0,5,4,3378.4836,8,4,3
0,5,5,7088.153,8,4,4
0,5,6,6118.426,8,4,5
0,5,7,5432.949,8,4,6
0,5,8,5987.785,8,4,7
0,5,9,3956.6143,8,4,8
0,5,10,3125.7456,8,4,9
0,5,11,2680.9697,8,4,10
0,6,1,1185.0533,8,5,0
0,6,2,1664.435,8,5,1
0,6,3,1847.266,8,5,2
0,6,4,1857.3960000000002,8,5,3
0,6,5,3846.0181,8,5,4
0,6,6,3563.928,8,5,5
0,6,7,3209.807,8,5,6
0,6,8,3781.1079999999997,8,5,7
0,6,9,2642.4410000000003,8,5,8
0,6,10,2136.227,8,5,9
0,6,11,1963.3096,8,5,10
0,7,1,770.7470000000001,8,6,0
0,7,2,1074.688,8,6,1
0,7,3,1206.185,8,6,2
0,7,4,1077.3097,8,6,3
0,7,5,2155.06,8,6,4
0,7,6,1941.6545,8,6,5
0,7,7,1835.6548,8,6,6
0,7,8,2102.667,8,6,7
0,7,9,1434.3328999999999,8,6,8
0,7,10,1020.3104,8,6,9
0,7,11,466.3515,8,6,10
0,8,1,283.9703,8,7,0
0,8,2,392.02799999999996,8,7,1
0,8,3,403.16790000000003,8,7,2
0,8,4,375.8724,8,7,3
0,8,5,600.8213000000001,8,7,4
0,8,6,451.97700000000003,8,7,5
0,8,7,250.6483,8,7,6
0,8,8,167.2538,8,7,7
0,8,9,0.0,8,7,8
0,8,10,0.0,8,7,9
0,8,11,0.0,8,7,10
1,1,1,10316.214,8,0,0
1,1,2,10184.23,8,0,1
1,1,3,8228.566,8,0,2
1,1,4,4822.7519999999995,8,0,3
1,1,5,3309.516,8,0,4
1,1,6,27.3093,8,0,5
1,1,7,0.0,8,0,6
1,1,8,0.0,8,0,7
1,1,9,0.0,8,0,8
1,1,10,0.0,8,0,9
1,1,11,0.0,8,0,10
1,2,1,24197.05,8,1,0
1,2,2,27764.600000000002,8,1,1
1,2,3,27701.549,8,1,2
1,2,4,23232.074,8,1,3
1,2,5,28693.273,8,1,4
1,2,6,13190.357,8,1,5
1,2,7,5051.572,8,1,6
1,2,8,1893.057,8,1,7
1,2,9,41.3433,8,1,8
1,2,10,0.0,8,1,9
1,2,11,0.0,8,1,10
1,3,1,14034.539,8,2,0
1,3,2,15325.82,8,2,1
1,3,3,15899.8157,8,2,2
1,3,4,15464.865,8,2,3
1,3,5,25830.706000000002,8,2,4
1,3,6,17388.235,8,2,5
1,3,7,10486.91,8,2,6
1,3,8,8119.32,8,2,7
1,3,9,3102.061,8,2,8
1,3,10,1191.7342,8,2,9
1,3,11,218.457,8,2,10
1,4,1,7453.659000000001,8,3,0
1,4,2,7924.9699,8,3,1
1,4,3,7707.950000000001,8,3,2
1,4,4,7782.43,8,3,3
1,4,5,14926.1955,8,3,4
1,4,6,11779.2665,8,3,5
1,4,7,8703.3266,8,3,6
1,4,8,8007.195000000001,8,3,7
1,4,9,4334.377,8,3,8
1,4,10,2568.6499,8,3,9
1,4,11,1352.4286,8,3,10
1,5,1,4944.4519,8,4,0
1,5,2,4585.2837,8,4,1
1,5,3,4168.0779999999995,8,4,2
1,5,4,4137.505,8,4,3
1,5,5,7871.021,8,4,4
1,5,6,7006.32,8,4,5
1,5,7,5604.332,8,4,6
1,5,8,5684.037,8,4,7
1,5,9,3478.6724999999997,8,4,8
1,5,10,2599.3293,8,4,9
1,5,11,1648.3736,8,4,10
1,6,1,3418.9117,8,5,0
1,6,2,3068.6237,8,5,1
1,6,3,2720.5582,8,5,2
1,6,4,2359.3169,8,5,3
1,6,5,4541.6611,8,5,4
1,6,6,3873.19,8,5,5
1,6,7,3447.3529999999996,8,5,6
1,6,8,3980.401,8,5,7
1,6,9,2491.797,8,5,8
1,6,10,1850.1744999999999,8,5,9
1,6,11,1044.1417000000001,8,5,10
1,7,1,2421.2875,8,6,0
1,7,2,2013.1151,8,6,1
1,7,3,1756.5013999999999,8,6,2
1,7,4,1467.0448999999999,8,6,3
1,7,5,2662.132,8,6,4
1,7,6,2157.085,8,6,5
1,7,7,1854.284,8,6,6
1,7,8,1786.85,8,6,7
1,7,9,869.2665999999999,8,6,8
1,7,10,357.0542,8,6,9
1,7,11,45.2132,8,6,10
1,8,1,855.091,8,7,0
1,8,2,499.977,8,7,1
1,8,3,377.65099999999995,8,7,2
1,8,4,304.6269,8,7,3
1,8,5,355.0296,8,7,4
1,8,6,149.922,8,7,5
1,8,7,37.9604,8,7,6
1,8,8,0.0,8,7,7
1,8,9,0.0,8,7,8
1,8,10,0.0,8,7,9
1,8,11,0.0,8,7,10
2,1,1,2199.7149999999997,8,0,0
2,1,2,2264.4183,8,0,1
2,1,3,1563.4819,8,0,2
2,1,4,770.58,8,0,3
2,1,5,313.9103,8,0,4
2,1,6,0.0,8,0,5
2,1,7,0.0,8,0,6
2,1,8,0.0,8,0,7
2,1,9,0.0,8,0,8
2,1,10,0.0,8,0,9
2,1,11,0.0,8,0,10
2,2,1,20748.945,8,1,0
2,2,2,17328.468,8,1,1
2,2,3,16166.071,8,1,2
2,2,4,11477.222,8,1,3
2,2,5,12377.406,8,1,4
2,2,6,4307.2,8,1,5
2,2,7,1189.09,8,1,6
2,2,8,178.97,8,1,7
2,2,9,0.0,8,1,8
2,2,10,0.0,8,1,9
2,2,11,0.0,8,1,10
2,3,1,16439.561999999998,8,2,0
2,3,2,13786.7107,8,2,1
2,3,3,12734.6939,8,2,2
2,3,4,12449.698,8,2,3
2,3,5,18249.563000000002,8,2,4
2,3,6,10265.53,8,2,5
2,3,7,5061.887,8,2,6
2,3,8,3073.076,8,2,7
2,3,9,889.8269,8,2,8
2,3,10,169.2702,8,2,9
2,3,11,0.0,8,2,10
2,4,1,10112.804,8,3,0
2,4,2,8487.878,8,3,1
2,4,3,6882.003,8,3,2
2,4,4,6872.9817,8,3,3
2,4,5,12662.9542,8,3,4
2,4,6,9176.6507,8,3,5
2,4,7,5913.491599999999,8,3,6
2,4,8,4855.204,8,3,7
2,4,9,1989.0425,8,3,8
2,4,10,918.4862999999999,8,3,9
2,4,11,201.0344,8,3,10
2,5,1,7040.316000000001,8,4,0
2,5,2,4834.6106,8,4,1
2,5,3,4062.53558,8,4,2
2,5,4,3857.4292000000005,8,4,3
2,5,5,6881.7627999999995,8,4,4
2,5,6,6030.8419,8,4,5
2,5,7,4436.1575,8,4,6
2,5,8,4396.7312999999995,8,4,7
2,5,9,2292.154,8,4,8
2,5,10,1259.3394,8,4,9
2,5,11,408.0784,8,4,10
2,6,1,5354.345,8,5,0
2,6,2,3311.4285,8,5,1
2,6,3,2718.7707,8,5,2
2,6,4,2230.8172999999997,8,5,3
2,6,5,4125.0801,8,5,4
2,6,6,3494.2650000000003,8,5,5
2,6,7,2786.523,8,5,6
2,6,8,3062.083,8,5,7
2,6,9,1413.2350000000001,8,5,8
2,6,10,661.3248,8,5,9
2,6,11,69.0035,8,5,10
2,7,1,3746.83,8,6,0
2,7,2,2226.8986,8,6,1
2,7,3,1677.8925,8,6,2
2,7,4,1236.201,8,6,3
2,7,5,1975.7378,8,6,4
2,7,6,1449.0742,8,6,5
2,7,7,956.8044,8,6,6
2,7,8,570.4222,8,6,7
2,7,9,88.2876,8,6,8
2,7,10,0.0,8,6,9
2,7,11,0.0,8,6,10
2,8,1,512.2879,8,7,0
2,8,2,227.0225,8,7,1
2,8,3,127.7918,8,7,2
2,8,4,51.008300000000006,8,7,3
2,8,5,23.27396,8,7,4
2,8,6,0.0,8,7,5
2,8,7,0.0,8,7,6
2,8,8,0.0,8,7,7
2,8,9,0.0,8,7,8
2,8,10,0.0,8,7,9
2,8,11,0.0,8,7,10
3,1,1,282.37019999999995,8,0,0
3,1,2,241.6722,8,0,1
3,1,3,0.0,8,0,2
3,1,4,42.4317,8,0,3
3,1,5,0.0,8,0,4
3,1,6,0.0,8,0,5
3,1,7,0.0,8,0,6
3,1,8,0.0,8,0,7
3,1,9,0.0,8,0,8
3,1,10,0.0,8,0,9
3,1,11,0.0,8,0,10
3,2,1,15878.611,8,1,0
3,2,2,10552.72,8,1,1
3,2,3,8595.238,8,1,2
3,2,4,5547.422,8,1,3
3,2,5,4908.1410000000005,8,1,4
3,2,6,1428.656,8,1,5
3,2,7,191.2663,8,1,6
3,2,8,0.0,8,1,7
3,2,9,0.0,8,1,8
3,2,10,0.0,8,1,9
3,2,11,0.0,8,1,10
3,3,1,19233.382,8,2,0
3,3,2,14816.598,8,2,1
3,3,3,11452.632000000001,8,2,2
3,3,4,9849.606,8,2,3
3,3,5,12877.776,8,2,4
3,3,6,5760.45,8,2,5
3,3,7,2528.8116,8,2,6
3,3,8,1258.3799999999999,8,2,7
3,3,9,223.9885,8,2,8
3,3,10,0.0,8,2,9
3,3,11,0.0,8,2,10
3,4,1,14028.563,8,3,0
3,4,2,10394.846,8,3,1
3,4,3,8044.3738,8,3,2
3,4,4,7021.4457999999995,8,3,3
3,4,5,11858.216,8,3,4
3,4,6,7344.780000000001,8,3,5
3,4,7,3866.922,8,3,6
3,4,8,2568.8802,8,3,7
3,4,9,926.0329,8,3,8
3,4,10,272.0086,8,3,9
3,4,11,0.0,8,3,10
3,5,1,10397.689,8,4,0
3,5,2,6020.54,8,4,1
3,5,3,4797.19,8,4,2
3,5,4,4245.107,8,4,3
3,5,5,7614.0075,8,4,4
3,5,6,5917.0528,8,4,5
3,5,7,4061.3139,8,4,6
3,5,8,3111.3693,8,4,7
3,5,9,1092.0908,8,4,8
3,5,10,289.2768,8,4,9
3,5,11,0.0,8,4,10
3,6,1,8048.301,8,5,0
3,6,2,4518.142400000001,8,5,1
3,6,3,3185.102,8,5,2
3,6,4,2532.473,8,5,3
3,6,5,4432.4999,8,5,4
3,6,6,3516.825,8,5,5
3,6,7,2291.2865,8,5,6
3,6,8,1483.0828,8,5,7
3,6,9,379.1877,8,5,8
3,6,10,14.9082,8,5,9
3,6,11,0.0,8,5,10
3,7,1,4664.949,8,6,0
3,7,2,2449.9441,8,6,1
3,7,3,1411.3442,8,6,2
3,7,4,860.7655,8,6,3
3,7,5,1071.9918,8,6,4
3,7,6,463.14419999999996,8,6,5
3,7,7,101.37469999999999,8,6,6
3,7,8,0.0,8,6,7
3,7,9,0.0,8,6,8
3,7,10,0.0,8,6,9
3,7,11,0.0,8,6,10
3,8,1,43.5488,8,7,0
3,8,2,0.0,8,7,1
3,8,3,0.0,8,7,2
3,8,4,0.0,8,7,3
3,8,5,0.0,8,7,4
3,8,6,0.0,8,7,5
3,8,7,0.0,8,7,6
3,8,8,0.0,8,7,7
3,8,9,0.0,8,7,8
3,8,10,0.0,8,7,9
3,8,11,0.0,8,7,10
4,1,1,0.0,8,0,0
4,1,2,0.0,8,0,1
4,1,3,0.0,8,0,2
4,1,4,0.0,8,0,3
4,1,5,0.0,8,0,4
4,1,6,0.0,8,0,5
4,1,7,0.0,8,0,6
4,1,8,0.0,8,0,7
4,1,9,0.0,8,0,8
4,1,10,0.0,8,0,9
4,1,11,0.0,8,0,10
4,2,1,6644.8060000000005,8,1,0
4,2,2,3046.5101,8,1,1
4,2,3,2443.943,8,1,2
4,2,4,1541.906,8,1,3
4,2,5,1263.1312,8,1,4
4,2,6,237.427,8,1,5
4,2,7,0.0,8,1,6
4,2,8,0.0,8,1,7
4,2,9,0.0,8,1,8
4,2,10,0.0,8,1,9
4,2,11,0.0,8,1,10
4,3,1,17562.571,8,2,0
4,3,2,10059.958,8,2,1
4,3,3,6520.106,8,2,2
4,3,4,5648.2919999999995,8,2,3
4,3,5,6931.3141,8,2,4
4,3,6,2730.591,8,2,5
4,3,7,856.5781999999999,8,2,6
4,3,8,284.8115,8,2,7
4,3,9,0.0,8,2,8
4,3,10,0.0,8,2,9
4,3,11,0.0,8,2,10
4,4,1,17134.354,8,3,0
4,4,2,10536.241,8,3,1
4,4,3,6709.45,8,3,2
4,4,4,5120.18,8,3,3
4,4,5,7559.85,8,3,4
4,4,6,4422.5343,8,3,5
4,4,7,1872.2252,8,3,6
4,4,8,841.5423,8,3,7
4,4,9,37.3303,8,3,8
4,4,10,0.0,8,3,9
4,4,11,0.0,8,3,10
4,5,1,14016.646999999999,8,4,0
4,5,2,7597.429999999999,8,4,1
4,5,3,5376.6140000000005,8,4,2
4,5,4,3809.2584,8,4,3
4,5,5,5562.137,8,4,4
4,5,6,3524.7855,8,4,5
4,5,7,1581.8849,8,4,6
4,5,8,601.9571,8,4,7
4,5,9,39.992999999999995,8,4,8
4,5,10,0.0,8,4,9
4,5,11,0.0,8,4,10
4,6,1,10169.14,8,5,0
4,6,2,5051.8951,8,5,1
4,6,3,3053.1305,8,5,2
4,6,4,2060.5234,8,5,3
4,6,5,2436.9078,8,5,4
4,6,6,1088.2093,8,5,5
4,6,7,356.2892,8,5,6
4,6,8,0.0,8,5,7
4,6,9,0.0,8,5,8
4,6,10,0.0,8,5,9
4,6,11,0.0,8,5,10
4,7,1,1934.686,8,6,0
4,7,2,757.082,8,6,1
4,7,3,256.7875,8,6,2
4,7,4,117.90280000000001,8,6,3
4,7,5,25.6242,8,6,4
4,7,6,0.0,8,6,5
4,7,7,0.0,8,6,6
4,7,8,0.0,8,6,7
4,7,9,0.0,8,6,8
4,7,10,0.0,8,6,9
4,7,11,0.0,8,6,10
4,8,1,0.0,8,7,0
4,8,2,0.0,8,7,1
4,8,3,0.0,8,7,2
4,8,4,0.0,8,7,3
4,8,5,0.0,8,7,4
4,8,6,0.0,8,7,5
4,8,7,0.0,8,7,6
4,8,8,0.0,8,7,7
4,8,9,0.0,8,7,8
4,8,10,0.0,8,7,9
4,8,11,0.0,8,7,10
5,1,1,0.0,8,0,0
5,1,2,0.0,8,0,1
5,1,3,0.0,8,0,2
5,1,4,0.0,8,0,3
5,1,5,0.0,8,0,4
5,1,6,0.0,8,0,5
5,1,7,0.0,8,0,6
5,1,8,0.0,8,0,7
5,1,9,0.0,8,0,8
5,1,10,0.0,8,0,9
5,1,11,0.0,8,0,10
5,2,1,353.8403,8,1,0
5,2,2,132.06380000000001,8,1,1
5,2,3,107.42769999999999,8,1,2
5,2,4,19.29,8,1,3
5,2,5,15.3005,8,1,4
5,2,6,0.0,8,1,5
5,2,7,0.0,8,1,6
5,2,8,0.0,8,1,7
5,2,9,0.0,8,1,8
5,2,10,0.0,8,1,9
5,2,11,0.0,8,1,10
5,3,1,5394.722,8,2,0
5,3,2,2608.9447,8,2,1
5,3,3,1510.5240000000001,8,2,2
5,3,4,1312.637,8,2,3
5,3,5,1577.8187,8,2,4
5,3,6,397.4008,8,2,5
5,3,7,23.6691,8,2,6
5,3,8,0.0,8,2,7
5,3,9,0.0,8,2,8
5,3,10,0.0,8,2,9
5,3,11,0.0,8,2,10
5,4,1,8447.127,8,3,0
5,4,2,3736.016,8,3,1
5,4,3,2048.46,8,3,2
5,4,4,1510.3301,8,3,3
5,4,5,2208.062,8,3,4
5,4,6,804.7462,8,3,5
5,4,7,44.9749,8,3,6
5,4,8,0.0,8,3,7
5,4,9,0.0,8,3,8
5,4,10,0.0,8,3,9
5,4,11,0.0,8,3,10
5,5,1,8168.909,8,4,0
5,5,2,3337.849,8,4,1
5,5,3,1585.457,8,4,2
5,5,4,840.5773,8,4,3
5,5,5,732.6105,8,4,4
5,5,6,138.1044,8,4,5
5,5,7,0.0,8,4,6
5,5,8,0.0,8,4,7
5,5,9,0.0,8,4,8
5,5,10,0.0,8,4,9
5,5,11,0.0,8,4,10
5,6,1,3053.7490000000003,8,5,0
5,6,2,989.4516,8,5,1
5,6,3,259.3517,8,5,2
5,6,4,61.2603,8,5,3
5,6,5,0.0,8,5,4
5,6,6,0.0,8,5,5
5,6,7,0.0,8,5,6
5,6,8,0.0,8,5,7
5,6,9,0.0,8,5,8
5,6,10,0.0,8,5,9
5,6,11,0.0,8,5,10
5,7,1,0.0,8,6,0
5,7,2,0.0,8,6,1
5,7,3,0.0,8,6,2
5,7,4,0.0,8,6,3
5,7,5,0.0,8,6,4
5,7,6,0.0,8,6,5
5,7,7,0.0,8,6,6
5,7,8,0.0,8,6,7
5,7,9,0.0,8,6,8
5,7,10,0.0,8,6,9
5,7,11,0.0,8,6,10
5,8,1,0.0,8,7,0
5,8,2,0.0,8,7,1
5,8,3,0.0,8,7,2
5,8,4,0.0,8,7,3
5,8,5,0.0,8,7,4
5,8,6,0.0,8,7,5
5,8,7,0.0,8,7,6
5,8,8,0.0,8,7,7
5,8,9,0.0,8,7,8
5,8,10,0.0,8,7,9
5,8,11,0.0,8,7,10
6,1,1,0.0,8,0,0
6,1,2,0.0,8,0,1
6,1,3,0.0,8,0,2
6,1,4,0.0,8,0,3
6,1,5,0.0,8,0,4
6,1,6,0.0,8,0,5
6,1,7,0.0,8,0,6
6,1,8,0.0,8,0,7
6,1,9,0.0,8,0,8
6,1,10,0.0,8,0,9
6,1,11,0.0,8,0,10
6,2,1,0.0,8,1,0
6,2,2,0.0,8,1,1
6,2,3,0.0,8,1,2
6,2,4,0.0,8,1,3
6,2,5,0.0,8,1,4
6,2,6,0.0,8,1,5
6,2,7,0.0,8,1,6
6,2,8,0.0,8,1,7
6,2,9,0.0,8,1,8
6,2,10,0.0,8,1,9
6,2,11,0.0,8,1,10
6,3,1,1213.6363000000001,8,2,0
6,3,2,755.1091,8,2,1
6,3,3,322.9441,8,2,2
6,3,4,275.0755,8,2,3
6,3,5,218.1414,8,2,4
6,3,6,0.0,8,2,5
6,3,7,0.0,8,2,6
6,3,8,0.0,8,2,7
6,3,9,0.0,8,2,8
6,3,10,0.0,8,2,9
6,3,11,0.0,8,2,10
6,4,1,3045.549,8,3,0
6,4,2,1164.2735,8,3,1
6,4,3,665.0844,8,3,2
6,4,4,341.5703,8,3,3
6,4,5,182.367,8,3,4
6,4,6,0.0,8,3,5
6,4,7,0.0,8,3,6
6,4,8,0.0,8,3,7
6,4,9,0.0,8,3,8
6,4,10,0.0,8,3,9
6,4,11,0.0,8,3,10
6,5,1,2602.405,8,4,0
6,5,2,539.0618,8,4,1
6,5,3,92.047,8,4,2
6,5,4,0.0,8,4,3
6,5,5,0.0,8,4,4
6,5,6,0.0,8,4,5
6,5,7,0.0,8,4,6
6,5,8,0.0,8,4,7
6,5,9,0.0,8,4,8
6,5,10,0.0,8,4,9
6,5,11,0.0,8,4,10
6,6,1,18.434,8,5,0
6,6,2,0.0,8,5,1
6,6,3,0.0,8,5,2
6,6,4,0.0,8,5,3
6,6,5,0.0,8,5,4
6,6,6,0.0,8,5,5
6,6,7,0.0,8,5,6
6,6,8,0.0,8,5,7
6,6,9,0.0,8,5,8
6,6,10,0.0,8,5,9
6,6,11,0.0,8,5,10
6,7,1,0.0,8,6,0
6,7,2,0.0,8,6,1
6,7,3,0.0,8,6,2
6,7,4,0.0,8,6,3
6,7,5,0.0,8,6,4
6,7,6,0.0,8,6,5
6,7,7,0.0,8,6,6
6,7,8,0.0,8,6,7
6,7,9,0.0,8,6,8
6,7,10,0.0,8,6,9
6,7,11,0.0,8,6,10
6,8,1,0.0,8,7,0
6,8,2,0.0,8,7,1
6,8,3,0.0,8,7,2
6,8,4,0.0,8,7,3
6,8,5,0.0,8,7,4
6,8,6,0.0,8,7,5
6,8,7,0.0,8,7,6
6,8,8,0.0,8,7,7
6,8,9,0.0,8,7,8
6,8,10,0.0,8,7,9
6,8,11,0.0,8,7,10
7,1,1,17976.41,8,0,0
7,1,2,21449.997,8,0,1
7,1,3,18036.405,8,0,2
7,1,4,11629.835000000001,8,0,3
7,1,5,8781.314,8,0,4
7,1,6,802.7877,8,0,5
7,1,7,0.0,8,0,6
7,1,8,0.0,8,0,7
7,1,9,0.0,8,0,8
7,1,10,0.0,8,0,9
7,1,11,0.0,8,0,10
7,2,1,24154.829999999998,8,1,0
7,2,2,30955.253999999997,8,1,1
7,2,3,32779.029,8,1,2
7,2,4,28369.054,8,1,3
7,2,5,41116.4,8,1,4
7,2,6,21571.981,8,1,5
7,2,7,9317.301,8,1,6
7,2,8,3999.155,8,1,7
7,2,9,689.733,8,1,8
7,2,10,0.0,8,1,9
7,2,11,0.0,8,1,10
7,3,1,10960.31,8,2,0
7,3,2,14278.419,8,2,1
7,3,3,14855.6892,8,2,2
7,3,4,15084.546000000002,8,2,3
7,3,5,26970.133,8,2,4
7,3,6,19625.331000000002,8,2,5
7,3,7,13239.175,8,2,6
7,3,8,11099.489,8,2,7
7,3,9,4982.633000000001,8,2,8
7,3,10,2415.016,8,2,9
7,3,11,607.0041,8,2,10
7,4,1,4955.5196000000005,8,3,0
7,4,2,6834.7053,8,3,1
7,4,3,7208.489,8,3,2
7,4,4,7730.246,8,3,3
7,4,5,14231.308430000001,8,3,4
7,4,6,11769.366,8,3,5
7,4,7,8807.9866,8,3,6
7,4,8,8810.7254,8,3,7
7,4,9,5266.917,8,3,8
7,4,10,3545.6639999999998,8,3,9
7,4,11,2230.6664,8,3,10
7,5,1,3339.8733,8,4,0
7,5,2,3824.098,8,4,1
7,5,3,4008.819,8,4,2
7,5,4,4006.528,8,4,3
7,5,5,7667.119000000001,8,4,4
7,5,6,6741.302000000001,8,4,5
7,5,7,5573.399,8,4,6
7,5,8,6119.8936,8,4,7
7,5,9,3789.5739,8,4,8
7,5,10,2830.1609000000003,8,4,9
7,5,11,2463.5176,8,4,10
7,6,1,2276.0899,8,5,0
7,6,2,2591.3633999999997,8,5,1
7,6,3,2479.3212,8,5,2
7,6,4,2329.648,8,5,3
7,6,5,4491.4619,8,5,4
7,6,6,4010.036,8,5,5
7,6,7,3351.8109999999997,8,5,6
7,6,8,3953.171,8,5,7
7,6,9,2803.107,8,5,8
7,6,10,2262.8613,8,5,9
7,6,11,1699.3407,8,5,10
7,7,1,1582.1735,8,6,0
7,7,2,1644.0535,8,6,1
7,7,3,1417.3043,8,6,2
7,7,4,1464.0621,8,6,3
7,7,5,2589.075,8,6,4
7,7,6,2288.869,8,6,5
7,7,7,1937.8841,8,6,6
7,7,8,2159.01,8,6,7
7,7,9,1288.6970000000001,8,6,8
7,7,10,775.6281,8,6,9
7,7,11,177.3328,8,6,10
7,8,1,580.706,8,7,0
7,8,2,509.8284,8,7,1
7,8,3,453.46500000000003,8,7,2
7,8,4,395.0896,8,7,3
7,8,5,607.0303,8,7,4
7,8,6,305.53999999999996,8,7,5
7,8,7,117.6149,8,7,6
7,8,8,43.814,8,7,7
7,8,9,0.0,8,7,8
7,8,10,0.0,8,7,9
7,8,11,0.0,8,7,10
8,1,1,10979.68,8,0,0
8,1,2,10300.97,8,0,1
8,1,3,8427.643,8,0,2
8,1,4,5063.196,8,0,3
8,1,5,2831.5370000000003,8,0,4
8,1,6,32.13720000000001,8,0,5
8,1,7,0.0,8,0,6
8,1,8,0.0,8,0,7
8,1,9,0.0,8,0,8
8,1,10,0.0,8,0,9
8,1,11,0.0,8,0,10
8,2,1,29891.506,8,1,0
8,2,2,29505.764,8,1,1
8,2,3,27738.168999999998,8,1,2
8,2,4,23008.228,8,1,3
8,2,5,28896.86,8,1,4
8,2,6,12040.0,8,1,5
8,2,7,3917.256,8,1,6
8,2,8,1460.9353999999998,8,1,7
8,2,9,0.0,8,1,8
8,2,10,0.0,8,1,9
8,2,11,0.0,8,1,10
8,3,1,18231.226,8,2,0
8,3,2,19066.631,8,2,1
8,3,3,17481.279,8,2,2
8,3,4,17048.985,8,2,3
8,3,5,27532.501,8,2,4
8,3,6,17560.415,8,2,5
8,3,7,10093.521,8,2,6
8,3,8,7324.305,8,2,7
8,3,9,2484.231,8,2,8
8,3,10,878.5298,8,2,9
8,3,11,85.59088,8,2,10
8,4,1,11040.266,8,3,0
8,4,2,9915.884199999999,8,3,1
8,4,3,9562.936,8,3,2
8,4,4,8918.987,8,3,3
8,4,5,15721.0273,8,3,4
8,4,6,12540.266599999999,8,3,5
8,4,7,8855.6206,8,3,6
8,4,8,7950.5864,8,3,7
8,4,9,3965.2079999999996,8,3,8
8,4,10,2197.7688,8,3,9
8,4,11,889.9095,8,3,10
8,5,1,7553.7570000000005,8,4,0
8,5,2,6202.6434,8,4,1
8,5,3,5484.075129999999,8,4,2
8,5,4,5174.637000000001,8,4,3
8,5,5,8805.588600000001,8,4,4
8,5,6,7504.9220000000005,8,4,5
8,5,7,5994.0485,8,4,6
8,5,8,6188.152,8,4,7
8,5,9,3611.794,8,4,8
8,5,10,2447.1402,8,4,9
8,5,11,1346.8163,8,4,10
8,6,1,5397.595,8,5,0
8,6,2,4198.387,8,5,1
8,6,3,3317.1980999999996,8,5,2
8,6,4,3045.767,8,5,3
8,6,5,5462.314,8,5,4
8,6,6,4566.049,8,5,5
8,6,7,3819.297,8,5,6
8,6,8,4047.129,8,5,7
8,6,9,2514.33,8,5,8
8,6,10,1532.932,8,5,9
8,6,11,610.0824,8,5,10
8,7,1,3942.4159999999997,8,6,0
8,7,2,2854.5559,8,6,1
8,7,3,2199.7702,8,6,2
8,7,4,1905.6875,8,6,3
8,7,5,3042.0458,8,6,4
8,7,6,2362.6913,8,6,5
8,7,7,1676.205,8,6,6
8,7,8,1402.559,8,6,7
8,7,9,473.1098,8,6,8
8,7,10,111.631,8,6,9
8,7,11,0.0,8,6,10
8,8,1,819.0349,8,7,0
8,8,2,474.6196,8,7,1
8,8,3,285.0558,8,7,2
8,8,4,161.44799999999998,8,7,3
8,8,5,151.38930000000002,8,7,4
8,8,6,50.6456,8,7,5
8,8,7,0.0,8,7,6
8,8,8,0.0,8,7,7
8,8,9,0.0,8,7,8
8,8,10,0.0,8,7,9
8,8,11,0.0,8,7,10
9,1,1,3114.186,8,0,0
9,1,2,2729.8602,8,0,1
9,1,3,1776.1107,8,0,2
9,1,4,752.884,8,0,3
9,1,5,195.8809,8,0,4
9,1,6,0.0,8,0,5
9,1,7,0.0,8,0,6
9,1,8,0.0,8,0,7
9,1,9,0.0,8,0,8
9,1,10,0.0,8,0,9
9,1,11,0.0,8,0,10
9,2,1,31593.02,8,1,0
9,2,2,24638.052,8,1,1
9,2,3,20317.329,8,1,2
9,2,4,14822.390000000001,8,1,3
9,2,5,14799.338,8,1,4
9,2,6,4320.75,8,1,5
9,2,7,986.6209,8,1,6
9,2,8,42.538,8,1,7
9,2,9,0.0,8,1,8
9,2,10,0.0,8,1,9
9,2,11,0.0,8,1,10
9,3,1,30551.809999999998,8,2,0
9,3,2,24235.633,8,2,1
9,3,3,20230.023,8,2,2
9,3,4,17055.477,8,2,3
9,3,5,24245.403000000002,8,2,4
9,3,6,12646.141,8,2,5
9,3,7,5825.327,8,2,6
9,3,8,3292.0730000000003,8,2,7
9,3,9,758.3901000000001,8,2,8
9,3,10,21.7908,8,2,9
9,3,11,0.0,8,2,10
9,4,1,21707.003,8,3,0
9,4,2,15236.366,8,3,1
9,4,3,12903.799,8,3,2
9,4,4,11491.759399999999,8,3,3
9,4,5,18505.545,8,3,4
9,4,6,12469.214,8,3,5
9,4,7,7464.0969000000005,8,3,6
9,4,8,5620.564,8,3,7
9,4,9,2142.8559,8,3,8
9,4,10,788.905,8,3,9
9,4,11,115.02879999999999,8,3,10
9,5,1,15171.922,8,4,0
9,5,2,9836.119,8,4,1
9,5,3,7659.7957,8,4,2
9,5,4,6951.605799999999,8,4,3
9,5,5,11639.995799999999,8,4,4
9,5,6,8926.1261,8,4,5
9,5,7,6440.4165,8,4,6
9,5,8,5584.7999,8,4,7
9,5,9,2297.939,8,4,8
9,5,10,917.9296999999999,8,4,9
9,5,11,149.6467,8,4,10
9,6,1,11295.635,8,5,0
9,6,2,7274.219,8,5,1
9,6,3,5287.7209,8,5,2
9,6,4,4435.7061,8,5,3
9,6,5,7236.165999999999,8,5,4
9,6,6,5377.9101,8,5,5
9,6,7,3573.0815,8,5,6
9,6,8,2805.638,8,5,7
9,6,9,962.688,8,5,8
9,6,10,299.59680000000003,8,5,9
9,6,11,0.0,8,5,10
9,7,1,6654.702,8,6,0
9,7,2,3867.355,8,6,1
9,7,3,2427.8689,8,6,2
9,7,4,1647.4444,8,6,3
9,7,5,2042.9736,8,6,4
9,7,6,1014.0015,8,6,5
9,7,7,389.1064,8,6,6
9,7,8,187.5751,8,6,7
9,7,9,0.0,8,6,8
9,7,10,0.0,8,6,9
9,7,11,0.0,8,6,10
9,8,1,190.41039999999998,8,7,0
9,8,2,15.4726,8,7,1
9,8,3,10.2584,8,7,2
9,8,4,0.0,8,7,3
9,8,5,0.0,8,7,4
9,8,6,0.0,8,7,5
9,8,7,0.0,8,7,6
9,8,8,0.0,8,7,7
9,8,9,0.0,8,7,8
9,8,10,0.0,8,7,9
9,8,11,0.0,8,7,10
10,1,1,0.0,8,0,0
10,1,2,0.0,8,0,1
10,1,3,11.4315,8,0,2
10,1,4,0.0,8,0,3
10,1,5,0.0,8,0,4
10,1,6,0.0,8,0,5
10,1,7,0.0,8,0,6
10,1,8,0.0,8,0,7
10,1,9,0.0,8,0,8
10,1,10,0.0,8,0,9
10,1,11,0.0,8,0,10
10,2,1,11804.974,8,1,0
10,2,2,6334.631,8,1,1
10,2,3,4557.453,8,1,2
10,2,4,3569.5232,8,1,3
10,2,5,2779.2870000000003,8,1,4
10,2,6,458.3636,8,1,5
10,2,7,0.0,8,1,6
10,2,8,0.0,8,1,7
10,2,9,0.0,8,1,8
10,2,10,0.0,8,1,9
10,2,11,0.0,8,1,10
10,3,1,18440.28,8,2,0
10,3,2,12625.342,8,2,1
10,3,3,8359.022,8,2,2
10,3,4,6607.204,8,2,3
10,3,5,8754.642,8,2,4
10,3,6,3930.4442,8,2,5
10,3,7,1393.398,8,2,6
10,3,8,460.8913,8,2,7
10,3,9,0.0,8,2,8
10,3,10,0.0,8,2,9
10,3,11,0.0,8,2,10
10,4,1,16686.02,8,3,0
10,4,2,10243.32,8,3,1
10,4,3,7716.572,8,3,2
10,4,4,5749.457,8,3,3
10,4,5,8194.48,8,3,4
10,4,6,4833.0740000000005,8,3,5
10,4,7,2463.4487,8,3,6
10,4,8,1196.8020999999999,8,3,7
10,4,9,145.5807,8,3,8
10,4,10,0.0,8,3,9
10,4,11,0.0,8,3,10
10,5,1,13174.768,8,4,0
10,5,2,7578.832,8,4,1
10,5,3,5553.594,8,4,2
10,5,4,4030.8706,8,4,3
10,5,5,6179.42,8,4,4
10,5,6,3822.348,8,4,5
10,5,7,1951.5773,8,4,6
10,5,8,867.5147999999999,8,4,7
10,5,9,83.75551,8,4,8
10,5,10,0.0,8,4,9
10,5,11,0.0,8,4,10
10,6,1,8885.118,8,5,0
10,6,2,5256.488,8,5,1
10,6,3,3290.7801,8,5,2
10,6,4,2233.5965,8,5,3
10,6,5,2577.1391,8,5,4
10,6,6,1205.3806,8,5,5
10,6,7,391.2437,8,5,6
10,6,8,67.14410000000001,8,5,7
10,6,9,0.0,8,5,8
10,6,10,0.0,8,5,9
10,6,11,0.0,8,5,10
10,7,1,1866.6009999999999,8,6,0
10,7,2,829.9132999999999,8,6,1
10,7,3,336.4226,8,6,2
10,7,4,141.13002,8,6,3
10,7,5,58.4319,8,6,4
10,7,6,0.0,8,6,5
10,7,7,0.0,8,6,6
10,7,8,0.0,8,6,7
10,7,9,0.0,8,6,8
10,7,10,0.0,8,6,9
10,7,11,0.0,8,6,10
10,8,1,0.0,8,7,0
10,8,2,0.0,8,7,1
10,8,3,0.0,8,7,2
10,8,4,0.0,8,7,3
10,8,5,0.0,8,7,4
10,8,6,0.0,8,7,5
10,8,7,0.0,8,7,6
10,8,8,0.0,8,7,7
10,8,9,0.0,8,7,8
10,8,10,0.0,8,7,9
10,8,11,0.0,8,7,10
11,1,1,0.0,8,0,0
11,1,2,0.0,8,0,1
11,1,3,0.0,8,0,2
11,1,4,0.0,8,0,3
11,1,5,0.0,8,0,4
11,1,6,0.0,8,0,5
11,1,7,0.0,8,0,6
11,1,8,0.0,8,0,7
11,1,9,0.0,8,0,8
11,1,10,0.0,8,0,9
11,1,11,0.0,8,0,10
11,2,1,4410.092000000001,8,1,0
11,2,2,1967.6254000000001,8,1,1
11,2,3,1375.1404,8,1,2
11,2,4,993.4157,8,1,3
11,2,5,719.6467,8,1,4
11,2,6,0.0,8,1,5
11,2,7,0.0,8,1,6
11,2,8,0.0,8,1,7
11,2,9,0.0,8,1,8
11,2,10,0.0,8,1,9
11,2,11,0.0,8,1,10
11,3,1,17783.77,8,2,0
11,3,2,8937.243,8,2,1
11,3,3,5194.035,8,2,2
11,3,4,4354.1931,8,2,3
11,3,5,5281.606,8,2,4
11,3,6,1491.9897,8,2,5
11,3,7,240.1925,8,2,6
11,3,8,0.0,8,2,7
11,3,9,0.0,8,2,8
11,3,10,0.0,8,2,9
11,3,11,0.0,8,2,10
11,4,1,20612.86,8,3,0
11,4,2,9703.763,8,3,1
11,4,3,5880.162,8,3,2
11,4,4,3794.3140000000003,8,3,3
11,4,5,4625.5657,8,3,4
11,4,6,1853.3679,8,3,5
11,4,7,429.7809,8,3,6
11,4,8,23.5494,8,3,7
11,4,9,0.0,8,3,8
11,4,10,0.0,8,3,9
11,4,11,0.0,8,3,10
11,5,1,17056.77,8,4,0
11,5,2,7781.288,8,4,1
11,5,3,3958.9790000000003,8,4,2
11,5,4,2065.8406,8,4,3
11,5,5,2079.324,8,4,4
11,5,6,583.3929,8,4,5
11,5,7,112.4991,8,4,6
11,5,8,0.0,8,4,7
11,5,9,0.0,8,4,8
11,5,10,0.0,8,4,9
11,5,11,0.0,8,4,10
11,6,1,5006.8099999999995,8,5,0
11,6,2,2209.9101,8,5,1
11,6,3,992.2717,8,5,2
11,6,4,345.706,8,5,3
11,6,5,239.7389,8,5,4
11,6,6,0.0,8,5,5
11,6,7,0.0,8,5,6
11,6,8,0.0,8,5,7
11,6,9,0.0,8,5,8
11,6,10,0.0,8,5,9
11,6,11,0.0,8,5,10
11,7,1,34.8186,8,6,0
11,7,2,0.0,8,6,1
11,7,3,0.0,8,6,2
11,7,4,0.0,8,6,3
11,7,5,0.0,8,6,4
11,7,6,0.0,8,6,5
11,7,7,0.0,8,6,6
11,7,8,0.0,8,6,7
11,7,9,0.0,8,6,8
11,7,10,0.0,8,6,9
11,7,11,0.0,8,6,10
11,8,1,0.0,8,7,0
11,8,2,0.0,8,7,1
11,8,3,0.0,8,7,2
11,8,4,0.0,8,7,3
11,8,5,0.0,8,7,4
11,8,6,0.0,8,7,5
11,8,7,0.0,8,7,6
11,8,8,0.0,8,7,7
11,8,9,0.0,8,7,8
11,8,10,0.0,8,7,9
11,8,11,0.0,8,7,10
12,1,1,16576.93,8,0,0
12,1,2,18903.511000000002,8,0,1
12,1,3,15941.941,8,0,2
12,1,4,9271.202000000001,8,0,3
12,1,5,5945.670999999999,8,0,4
12,1,6,85.52590000000001,8,0,5
12,1,7,0.0,8,0,6
12,1,8,0.0,8,0,7
12,1,9,0.0,8,0,8
12,1,10,0.0,8,0,9
12,1,11,0.0,8,0,10
12,2,1,27648.861,8,1,0
12,2,2,29541.679,8,1,1
12,2,3,29712.811,8,1,2
12,2,4,25936.507,8,1,3
12,2,5,35302.549999999996,8,1,4
12,2,6,16920.413,8,1,5
12,2,7,6256.832,8,1,6
12,2,8,2531.671,8,1,7
12,2,9,208.32921,8,1,8
12,2,10,0.0,8,1,9
12,2,11,0.0,8,1,10
12,3,1,14455.646,8,2,0
12,3,2,15958.037999999999,8,2,1
12,3,3,16099.4158,8,2,2
12,3,4,15386.7138,8,2,3
12,3,5,26074.51,8,2,4
12,3,6,17793.84,8,2,5
12,3,7,11189.612000000001,8,2,6
12,3,8,8902.748,8,2,7
12,3,9,3721.717,8,2,8
12,3,10,1353.8422,8,2,9
12,3,11,214.55360000000002,8,2,10
12,4,1,8042.032999999999,8,3,0
12,4,2,8519.0394,8,3,1
12,4,3,8337.21551,8,3,2
12,4,4,8108.688,8,3,3
12,4,5,13988.07567,8,3,4
12,4,6,11297.1014,8,3,5
12,4,7,8135.2575,8,3,6
12,4,8,7670.0184,8,3,7
12,4,9,4320.7301,8,3,8
12,4,10,2625.1663,8,3,9
12,4,11,1417.5281,8,3,10
12,5,1,5632.959,8,4,0
12,5,2,5108.869000000001,8,4,1
12,5,3,4823.615,8,4,2
12,5,4,4601.9869,8,4,3
12,5,5,8203.567,8,4,4
12,5,6,6826.863,8,4,5
12,5,7,5553.239,8,4,6
12,5,8,5559.039,8,4,7
12,5,9,3380.7111,8,4,8
12,5,10,2465.0297,8,4,9
12,5,11,1558.3567,8,4,10
12,6,1,3955.964,8,5,0
12,6,2,3379.3009,8,5,1
12,6,3,3043.2387999999996,8,5,2
12,6,4,2967.7153,8,5,3
12,6,5,4918.6215999999995,8,5,4
12,6,6,4223.5160000000005,8,5,5
12,6,7,3563.2180000000003,8,5,6
12,6,8,3901.141,8,5,7
12,6,9,2395.093,8,5,8
12,6,10,1717.099,8,5,9
12,6,11,773.3234,8,5,10
12,7,1,2713.369,8,6,0
12,7,2,2257.3202,8,6,1
12,7,3,1985.9278,8,6,2
12,7,4,1873.8393999999998,8,6,3
12,7,5,3006.5575,8,6,4
12,7,6,2213.2523,8,6,5
12,7,7,1661.3395,8,6,6
12,7,8,1504.1686,8,6,7
12,7,9,656.2167000000001,8,6,8
12,7,10,243.9111,8,6,9
12,7,11,0.0,8,6,10
12,8,1,671.5113,8,7,0
12,8,2,515.7157,8,7,1
12,8,3,305.9193,8,7,2
12,8,4,259.34929999999997,8,7,3
12,8,5,267.3404,8,7,4
12,8,6,0.0,8,7,5
12,8,7,0.0,8,7,6
12,8,8,0.0,8,7,7
12,8,9,0.0,8,7,8
12,8,10,0.0,8,7,9
12,8,11,0.0,8,7,10
13,1,1,7035.242,8,0,0
13,1,2,6323.195000000001,8,0,1
13,1,3,4682.63,8,0,2
13,1,4,2408.647,8,0,3
13,1,5,828.4979000000001,8,0,4
13,1,6,0.0,8,0,5
13,1,7,0.0,8,0,6
13,1,8,0.0,8,0,7
13,1,9,0.0,8,0,8
13,1,10,0.0,8,0,9
13,1,11,0.0,8,0,10
13,2,1,22919.73,8,1,0
13,2,2,19810.459,8,1,1
13,2,3,16980.114,8,1,2
13,2,4,13897.699,8,1,3
13,2,5,15672.603,8,1,4
13,2,6,5636.101,8,1,5
13,2,7,1601.714,8,1,6
13,2,8,302.6496,8,1,7
13,2,9,0.0,8,1,8
13,2,10,0.0,8,1,9
13,2,11,0.0,8,1,10
13,3,1,16025.74,8,2,0
13,3,2,14349.987,8,2,1
13,3,3,12247.747,8,2,2
13,3,4,10902.5471,8,2,3
13,3,5,16824.16,8,2,4
13,3,6,10037.405999999999,8,2,5
13,3,7,5334.955,8,2,6
13,3,8,3325.518,8,2,7
13,3,9,1020.2307999999999,8,2,8
13,3,10,199.318,8,2,9
13,3,11,0.0,8,2,10
13,4,1,10729.704,8,3,0
13,4,2,8355.979,8,3,1
13,4,3,7321.0013,8,3,2
13,4,4,6533.9047,8,3,3
13,4,5,10882.5965,8,3,4
13,4,6,7823.5583,8,3,5
13,4,7,5224.0274,8,3,6
13,4,8,4206.7929,8,3,7
13,4,9,1884.8394,8,3,8
13,4,10,846.838,8,3,9
13,4,11,231.2194,8,3,10
13,5,1,7418.746,8,4,0
13,5,2,5243.8357,8,4,1
13,5,3,4382.8488,8,4,2
13,5,4,3716.9125,8,4,3
13,5,5,6610.2746,8,4,4
13,5,6,5079.3374,8,4,5
13,5,7,3961.603,8,4,6
13,5,8,3637.3244999999997,8,4,7
13,5,9,1891.335,8,4,8
13,5,10,962.6826,8,4,9
13,5,11,227.3316,8,4,10
13,6,1,5251.993,8,5,0
13,6,2,3851.3782,8,5,1
13,6,3,2964.9733,8,5,2
13,6,4,2613.794,8,5,3
13,6,5,4165.141,8,5,4
13,6,6,3214.8474,8,5,5
13,6,7,2396.284,8,5,6
13,6,8,2098.6530000000002,8,5,7
13,6,9,850.155,8,5,8
13,6,10,258.8816,8,5,9
13,6,11,0.0,8,5,10
13,7,1,3372.04,8,6,0
13,7,2,2307.3078,8,6,1
13,7,3,1584.6599,8,6,2
13,7,4,1167.3455999999999,8,6,3
13,7,5,1604.3052,8,6,4
13,7,6,809.3912,8,6,5
13,7,7,392.6847,8,6,6
13,7,8,217.3256,8,6,7
13,7,9,0.0,8,6,8
13,7,10,0.0,8,6,9
13,7,11,0.0,8,6,10
13,8,1,103.1704,8,7,0
13,8,2,0.0,8,7,1
13,8,3,11.9633,8,7,2
13,8,4,0.0,8,7,3
13,8,5,0.0,8,7,4
13,8,6,0.0,8,7,5
13,8,7,0.0,8,7,6
13,8,8,0.0,8,7,7
13,8,9,0.0,8,7,8
13,8,10,0.0,8,7,9
13,8,11,0.0,8,7,10
14,1,1,2478.2790999999997,8,0,0
14,1,2,1592.11,8,0,1
14,1,3,1009.737,8,0,2
14,1,4,307.4823,8,0,3
14,1,5,0.0,8,0,4
14,1,6,0.0,8,0,5
14,1,7,0.0,8,0,6
14,1,8,0.0,8,0,7
14,1,9,0.0,8,0,8
14,1,10,0.0,8,0,9
14,1,11,0.0,8,0,10
14,2,1,30881.489999999998,8,1,0
14,2,2,19717.692,8,1,1
14,2,3,13994.993,8,1,2
14,2,4,9877.936,8,1,3
14,2,5,8846.514,8,1,4
14,2,6,1951.6649,8,1,5
14,2,7,170.6816,8,1,6
14,2,8,0.0,8,1,7
14,2,9,0.0,8,1,8
14,2,10,0.0,8,1,9
14,2,11,0.0,8,1,10
14,3,1,38142.62,8,2,0
14,3,2,24763.51,8,2,1
14,3,3,18169.662,8,2,2
14,3,4,13862.014,8,2,3
14,3,5,18750.914,8,2,4
14,3,6,8730.752,8,2,5
14,3,7,3322.558,8,2,6
14,3,8,1358.1402,8,2,7
14,3,9,81.2973,8,2,8
14,3,10,0.0,8,2,9
14,3,11,0.0,8,2,10
14,4,1,33643.0,8,3,0
14,4,2,19981.228,8,3,1
14,4,3,14105.464,8,3,2
14,4,4,10778.504,8,3,3
14,4,5,14923.647,8,3,4
14,4,6,8121.431,8,3,5
14,4,7,4133.8452,8,3,6
14,4,8,2342.475,8,3,7
14,4,9,562.75771,8,3,8
14,4,10,90.9435,8,3,9
14,4,11,0.0,8,3,10
14,5,1,23296.96,8,4,0
14,5,2,13744.869,8,4,1
14,5,3,8784.338,8,4,2
14,5,4,6793.607800000001,8,4,3
14,5,5,9083.0445,8,4,4
14,5,6,5448.604,8,4,5
14,5,7,2998.8449,8,4,6
14,5,8,1788.1344,8,4,7
14,5,9,487.9287,8,4,8
14,5,10,50.8458,8,4,9
14,5,11,0.0,8,4,10
14,6,1,10705.692,8,5,0
14,6,2,6618.507,8,5,1
14,6,3,4307.436,8,5,2
14,6,4,2901.7455,8,5,3
14,6,5,3462.4569,8,5,4
14,6,6,1818.1784,8,5,5
14,6,7,754.4391,8,5,6
14,6,8,410.7424,8,5,7
14,6,9,13.9047,8,5,8
14,6,10,0.0,8,5,9
14,6,11,0.0,8,5,10
14,7,1,2032.5629999999999,8,6,0
14,7,2,1258.8407,8,6,1
14,7,3,625.0811,8,6,2
14,7,4,313.14942,8,6,3
14,7,5,283.1485,8,6,4
14,7,6,48.2245,8,6,5
14,7,7,0.0,8,6,6
14,7,8,0.0,8,6,7
14,7,9,0.0,8,6,8
14,7,10,0.0,8,6,9
14,7,11,0.0,8,6,10
14,8,1,0.0,8,7,0
14,8,2,0.0,8,7,1
14,8,3,0.0,8,7,2
14,8,4,0.0,8,7,3
14,8,5,0.0,8,7,4
14,8,6,0.0,8,7,5
14,8,7,0.0,8,7,6
14,8,8,0.0,8,7,7
14,8,9,0.0,8,7,8
14,8,10,0.0,8,7,9
14,8,11,0.0,8,7,10
15,1,1,17150.153,8,0,0
15,1,2,14634.288999999999,8,0,1
15,1,3,9543.305,8,0,2
15,1,4,4422.892,8,0,3
15,1,5,1377.7921,8,0,4
15,1,6,0.0,8,0,5
15,1,7,0.0,8,0,6
15,1,8,0.0,8,0,7
15,1,9,0.0,8,0,8
15,1,10,0.0,8,0,9
15,1,11,0.0,8,0,10
15,2,1,37831.41,8,1,0
15,2,2,34895.472,8,1,1
15,2,3,29068.473,8,1,2
15,2,4,22609.502,8,1,3
15,2,5,26017.3,8,1,4
15,2,6,8686.657000000001,8,1,5
15,2,7,2300.022,8,1,6
15,2,8,516.1996,8,1,7
15,2,9,0.0,8,1,8
15,2,10,0.0,8,1,9
15,2,11,0.0,8,1,10
15,3,1,29343.85,8,2,0
15,3,2,24764.288,8,2,1
15,3,3,21295.182,8,2,2
15,3,4,17495.971,8,2,3
15,3,5,26385.133,8,2,4
15,3,6,15062.827,8,2,5
15,3,7,8184.237999999999,8,2,6
15,3,8,4852.204,8,2,7
15,3,9,1371.839,8,2,8
15,3,10,242.0342,8,2,9
15,3,11,0.0,8,2,10
15,4,1,21095.58,8,3,0
15,4,2,15883.033,8,3,1
15,4,3,12779.441,8,3,2
15,4,4,10780.579,8,3,3
15,4,5,16554.916,8,3,4
15,4,6,10702.3809,8,3,5
15,4,7,6523.6819,8,3,6
15,4,8,5227.6663,8,3,7
15,4,9,2168.8036,8,3,8
15,4,10,935.3754,8,3,9
15,4,11,283.39750000000004,8,3,10
15,5,1,13169.39,8,4,0
15,5,2,9729.386999999999,8,4,1
15,5,3,7386.1363,8,4,2
15,5,4,6108.6407,8,4,3
15,5,5,8977.6453,8,4,4
15,5,6,6168.0264,8,4,5
15,5,7,4243.901,8,4,6
15,5,8,3509.9880000000003,8,4,7
15,5,9,1693.789,8,4,8
15,5,10,782.4215,8,4,9
15,5,11,222.865,8,4,10
15,6,1,7082.504,8,5,0
15,6,2,5276.619,8,5,1
15,6,3,3856.9862,8,5,2
15,6,4,3225.2192,8,5,3
15,6,5,4644.4574999999995,8,5,4
15,6,6,3070.56,8,5,5
15,6,7,1990.443,8,5,6
15,6,8,1690.127,8,5,7
15,6,9,741.7286,8,5,8
15,6,10,234.3103,8,5,9
15,6,11,13.9047,8,5,10
15,7,1,2716.19,8,6,0
15,7,2,1779.972,8,6,1
15,7,3,1135.7391,8,6,2
15,7,4,939.5717,8,6,3
15,7,5,1295.8817000000001,8,6,4
15,7,6,708.9988999999999,8,6,5
15,7,7,357.5387,8,6,6
15,7,8,135.85490000000001,8,6,7
15,7,9,0.0,8,6,8
15,7,10,0.0,8,6,9
15,7,11,0.0,8,6,10
15,8,1,0.0,8,7,0
15,8,2,30.042319999999997,8,7,1
15,8,3,0.0,8,7,2
15,8,4,0.0,8,7,3
15,8,5,0.0,8,7,4
15,8,6,0.0,8,7,5
15,8,7,0.0,8,7,6
15,8,8,0.0,8,7,7
15,8,9,0.0,8,7,8
15,8,10,0.0,8,7,9
15,8,11,0.0,8,7,10
16,1,1,0.0,8,0,0
16,1,2,0.0,8,0,1
16,1,3,0.0,8,0,2
16,1,4,0.0,8,0,3
16,1,5,0.0,8,0,4
16,1,6,0.0,8,0,5
16,1,7,0.0,8,0,6
16,1,8,0.0,8,0,7
16,1,9,0.0,8,0,8
16,1,10,0.0,8,0,9
16,1,11,0.0,8,0,10
16,2,1,0.0,8,1,0
16,2,2,0.0,8,1,1
16,2,3,0.0,8,1,2
16,2,4,0.0,8,1,3
16,2,5,0.0,8,1,4
16,2,6,0.0,8,1,5
16,2,7,0.0,8,1,6
16,2,8,0.0,8,1,7
16,2,9,0.0,8,1,8
16,2,10,0.0,8,1,9
16,2,11,0.0,8,1,10
16,3,1,0.0,8,2,0
16,3,2,0.0,8,2,1
16,3,3,0.0,8,2,2
16,3,4,0.0,8,2,3
16,3,5,0.0,8,2,4
16,3,6,0.0,8,2,5
16,3,7,0.0,8,2,6
16,3,8,0.0,8,2,7
16,3,9,0.0,8,2,8
16,3,10,0.0,8,2,9
16,3,11,0.0,8,2,10
16,4,1,0.0,8,3,0
16,4,2,0.0,8,3,1
16,4,3,0.0,8,3,2
16,4,4,0.0,8,3,3
16,4,5,0.0,8,3,4
16,4,6,0.0,8,3,5
16,4,7,0.0,8,3,6
16,4,8,0.0,8,3,7
16,4,9,0.0,8,3,8
16,4,10,0.0,8,3,9
16,4,11,0.0,8,3,10
16,5,1,0.0,8,4,0
16,5,2,0.0,8,4,1
16,5,3,0.0,8,4,2
16,5,4,0.0,8,4,3
16,5,5,0.0,8,4,4
16,5,6,0.0,8,4,5
16,5,7,0.0,8,4,6
16,5,8,0.0,8,4,7
16,5,9,0.0,8,4,8
16,5,10,0.0,8,4,9
16,5,11,0.0,8,4,10
16,6,1,0.0,8,5,0
16,6,2,0.0,8,5,1
16,6,3,0.0,8,5,2
16,6,4,0.0,8,5,3
16,6,5,0.0,8,5,4
16,6,6,0.0,8,5,5
16,6,7,0.0,8,5,6
16,6,8,0.0,8,5,7
16,6,9,0.0,8,5,8
16,6,10,0.0,8,5,9
16,6,11,0.0,8,5,10
16,7,1,0.0,8,6,0
16,7,2,0.0,8,6,1
16,7,3,0.0,8,6,2
16,7,4,0.0,8,6,3
16,7,5,0.0,8,6,4
16,7,6,0.0,8,6,5
16,7,7,0.0,8,6,6
16,7,8,0.0,8,6,7
16,7,9,0.0,8,6,8
16,7,10,0.0,8,6,9
16,7,11,0.0,8,6,10
16,8,1,0.0,8,7,0
16,8,2,0.0,8,7,1
16,8,3,0.0,8,7,2
16,8,4,0.0,8,7,3
16,8,5,0.0,8,7,4
16,8,6,0.0,8,7,5
16,8,7,0.0,8,7,6
16,8,8,0.0,8,7,7
16,8,9,0.0,8,7,8
16,8,10,0.0,8,7,9
16,8,11,0.0,8,7,10
17,1,1,14435.024000000001,8,0,0
17,1,2,19602.59,8,0,1
17,1,3,17025.083,8,0,2
17,1,4,11045.970000000001,8,0,3
17,1,5,10030.012,8,0,4
17,1,6,1485.613,8,0,5
17,1,7,0.0,8,0,6
17,1,8,0.0,8,0,7
17,1,9,0.0,8,0,8
17,1,10,0.0,8,0,9
17,1,11,0.0,8,0,10
17,2,1,29910.19,8,1,0
17,2,2,37505.779,8,1,1
17,2,3,38877.077,8,1,2
17,2,4,33723.331,8,1,3
17,2,5,46182.812999999995,8,1,4
17,2,6,25135.69,8,1,5
17,2,7,11296.764000000001,8,1,6
17,2,8,5535.508,8,1,7
17,2,9,1083.5376,8,1,8
17,2,10,49.665800000000004,8,1,9
17,2,11,0.0,8,1,10
17,3,1,15577.949,8,2,0
17,3,2,18205.5342,8,2,1
17,3,3,19879.596,8,2,2
17,3,4,21288.481,8,2,3
17,3,5,36146.66,8,2,4
17,3,6,25336.678,8,2,5
17,3,7,16571.527,8,2,6
17,3,8,13494.681,8,2,7
17,3,9,6199.542,8,2,8
17,3,10,3133.9151,8,2,9
17,3,11,1015.3971,8,2,10
17,4,1,7367.7451,8,3,0
17,4,2,8615.1814,8,3,1
17,4,3,9579.618,8,3,2
17,4,4,10177.9985,8,3,3
17,4,5,20013.3832,8,3,4
17,4,6,16434.8001,8,3,5
17,4,7,12128.098899999999,8,3,6
17,4,8,12071.810000000001,8,3,7
17,4,9,6958.873,8,3,8
17,4,10,4360.521,8,3,9
17,4,11,2653.7205,8,3,10
17,5,1,4641.0317,8,4,0
17,5,2,4941.03518,8,4,1
17,5,3,4861.7937,8,4,2
17,5,4,5296.6503,8,4,3
17,5,5,10462.438,8,4,4
17,5,6,9581.273000000001,8,4,5
17,5,7,7835.24,8,4,6
17,5,8,8253.0239,8,4,7
17,5,9,5055.4610999999995,8,4,8
17,5,10,3913.2200000000003,8,4,9
17,5,11,2948.6378,8,4,10
17,6,1,3163.2941,8,5,0
17,6,2,3050.082,8,5,1
17,6,3,2982.9030000000002,8,5,2
17,6,4,2775.8568999999998,8,5,3
17,6,5,5549.4472,8,5,4
17,6,6,5273.471,8,5,5
17,6,7,4712.63,8,5,6
17,6,8,5275.773,8,5,7
17,6,9,3469.6067000000003,8,5,8
17,6,10,2681.5625999999997,8,5,9
17,6,11,1985.9806,8,5,10
17,7,1,2253.3638,8,6,0
17,7,2,1826.306,8,6,1
17,7,3,1757.769,8,6,2
17,7,4,1556.8382,8,6,3
17,7,5,3045.115,8,6,4
17,7,6,2696.9921,8,6,5
17,7,7,2262.8916,8,6,6
17,7,8,2444.888,8,6,7
17,7,9,1490.9808,8,6,8
17,7,10,1033.7998,8,6,9
17,7,11,420.30269999999996,8,6,10
17,8,1,569.34,8,7,0
17,8,2,526.934,8,7,1
17,8,3,484.3387,8,7,2
17,8,4,379.42779999999993,8,7,3
17,8,5,570.5818,8,7,4
17,8,6,322.0645,8,7,5
17,8,7,256.8182,8,7,6
17,8,8,151.9154,8,7,7
17,8,9,17.3754,8,7,8
17,8,10,0.0,8,7,9
17,8,11,0.0,8,7,10
18,1,1,0.0,8,0,0
18,1,2,0.0,8,0,1
18,1,3,0.0,8,0,2
18,1,4,0.0,8,0,3
18,1,5,0.0,8,0,4
18,1,6,0.0,8,0,5
18,1,7,0.0,8,0,6
18,1,8,0.0,8,0,7
18,1,9,0.0,8,0,8
18,1,10,0.0,8,0,9
18,1,11,0.0,8,0,10
18,2,1,4851.916,8,1,0
18,2,2,2961.226,8,1,1
18,2,3,2164.5285,8,1,2
18,2,4,1393.7383,8,1,3
18,2,5,1271.6109999999999,8,1,4
18,2,6,322.7292,8,1,5
18,2,7,0.0,8,1,6
18,2,8,0.0,8,1,7
18,2,9,0.0,8,1,8
18,2,10,0.0,8,1,9
18,2,11,0.0,8,1,10
18,3,1,8267.872,8,2,0
18,3,2,5438.7838,8,2,1
18,3,3,4606.6079,8,2,2
18,3,4,3725.9120000000003,8,2,3
18,3,5,4568.24,8,2,4
18,3,6,1929.9177,8,2,5
18,3,7,839.2804,8,2,6
18,3,8,363.943,8,2,7
18,3,9,0.0,8,2,8
18,3,10,0.0,8,2,9
18,3,11,0.0,8,2,10
18,4,1,7086.927,8,3,0
18,4,2,4847.347,8,3,1
18,4,3,3398.2467,8,3,2
18,4,4,2979.0012,8,3,3
18,4,5,4916.0421,8,3,4
18,4,6,2964.8924,8,3,5
18,4,7,1378.9394,8,3,6
18,4,8,837.6700000000001,8,3,7
18,4,9,251.8188,8,3,8
18,4,10,28.317999999999998,8,3,9
18,4,11,0.0,8,3,10
18,5,1,5506.3550000000005,8,4,0
18,5,2,3217.0016,8,4,1
18,5,3,2444.9501,8,4,2
18,5,4,1954.6204,8,4,3
18,5,5,3470.3449,8,4,4
18,5,6,2427.3539,8,4,5
18,5,7,1427.251,8,4,6
18,5,8,934.7221,8,4,7
18,5,9,245.6648,8,4,8
18,5,10,0.0,8,4,9
18,5,11,0.0,8,4,10
18,6,1,4286.767,8,5,0
18,6,2,2103.0111,8,5,1
18,6,3,1605.7433,8,5,2
18,6,4,1168.5629000000001,8,5,3
18,6,5,1783.3572000000001,8,5,4
18,6,6,1226.0675,8,5,5
18,6,7,776.2666,8,5,6
18,6,8,479.94179999999994,8,5,7
18,6,9,60.5584,8,5,8
18,6,10,0.0,8,5,9
18,6,11,0.0,8,5,10
18,7,1,1821.0139,8,6,0
18,7,2,699.1489,8,6,1
18,7,3,416.2009,8,6,2
18,7,4,291.634,8,6,3
18,7,5,307.8302,8,6,4
18,7,6,140.5021,8,6,5
18,7,7,0.0,8,6,6
18,7,8,0.0,8,6,7
18,7,9,0.0,8,6,8
18,7,10,0.0,8,6,9
18,7,11,0.0,8,6,10
18,8,1,0.0,8,7,0
18,8,2,0.0,8,7,1
18,8,3,0.0,8,7,2
18,8,4,0.0,8,7,3
18,8,5,0.0,8,7,4
18,8,6,0.0,8,7,5
18,8,7,0.0,8,7,6
18,8,8,0.0,8,7,7
18,8,9,0.0,8,7,8
18,8,10,0.0,8,7,9
18,8,11,0.0,8,7,10
19,1,1,0.0,8,0,0
19,1,2,0.0,8,0,1
19,1,3,0.0,8,0,2
19,1,4,0.0,8,0,3
19,1,5,0.0,8,0,4
19,1,6,0.0,8,0,5
19,1,7,0.0,8,0,6
19,1,8,0.0,8,0,7
19,1,9,0.0,8,0,8
19,1,10,0.0,8,0,9
19,1,11,0.0,8,0,10
19,2,1,0.0,8,1,0
19,2,2,0.0,8,1,1
19,2,3,0.0,8,1,2
19,2,4,0.0,8,1,3
19,2,5,0.0,8,1,4
19,2,6,0.0,8,1,5
19,2,7,0.0,8,1,6
19,2,8,0.0,8,1,7
19,2,9,0.0,8,1,8
19,2,10,0.0,8,1,9
19,2,11,0.0,8,1,10
19,3,1,519.7216,8,2,0
19,3,2,113.5673,8,2,1
19,3,3,54.435,8,2,2
19,3,4,124.0716,8,2,3
19,3,5,57.3192,8,2,4
19,3,6,0.0,8,2,5
19,3,7,0.0,8,2,6
19,3,8,0.0,8,2,7
19,3,9,0.0,8,2,8
19,3,10,0.0,8,2,9
19,3,11,0.0,8,2,10
19,4,1,1210.468,8,3,0
19,4,2,589.8812,8,3,1
19,4,3,224.2519,8,3,2
19,4,4,230.3038,8,3,3
19,4,5,267.9193,8,3,4
19,4,6,0.0,8,3,5
19,4,7,0.0,8,3,6
19,4,8,0.0,8,3,7
19,4,9,0.0,8,3,8
19,4,10,0.0,8,3,9
19,4,11,0.0,8,3,10
19,5,1,1320.4456,8,4,0
19,5,2,364.4317,8,4,1
19,5,3,73.617,8,4,2
19,5,4,0.0,8,4,3
19,5,5,22.2024,8,4,4
19,5,6,0.0,8,4,5
19,5,7,0.0,8,4,6
19,5,8,0.0,8,4,7
19,5,9,0.0,8,4,8
19,5,10,0.0,8,4,9
19,5,11,0.0,8,4,10
19,6,1,315.6078,8,5,0
19,6,2,46.7441,8,5,1
19,6,3,0.0,8,5,2
19,6,4,0.0,8,5,3
19,6,5,0.0,8,5,4
19,6,6,0.0,8,5,5
19,6,7,0.0,8,5,6
19,6,8,0.0,8,5,7
19,6,9,0.0,8,5,8
19,6,10,0.0,8,5,9
19,6,11,0.0,8,5,10
19,7,1,0.0,8,6,0
19,7,2,0.0,8,6,1
19,7,3,0.0,8,6,2
19,7,4,0.0,8,6,3
19,7,5,0.0,8,6,4
19,7,6,0.0,8,6,5
19,7,7,0.0,8,6,6
19,7,8,0.0,8,6,7
19,7,9,0.0,8,6,8
19,7,10,0.0,8,6,9
19,7,11,0.0,8,6,10
19,8,1,0.0,8,7,0
19,8,2,0.0,8,7,1
19,8,3,0.0,8,7,2
19,8,4,0.0,8,7,3
19,8,5,0.0,8,7,4
19,8,6,0.0,8,7,5
19,8,7,0.0,8,7,6
19,8,8,0.0,8,7,7
19,8,9,0.0,8,7,8
19,8,10,0.0,8,7,9
19,8,11,0.0,8,7,10
